{
  "app_title": "ARK ASA Cluster Manager",
  "dashboard": "Irányítópult",
  "cluster_control": "Klaszter Vezérlés",
  "connection_settings": "Kapcsolat Beállítások",
  "settings": "Beállítások",
  "automation_management": "Automatizálás Kezelése",
  "host": "Host",
  "port": "Port",
  "username": "Felhasználónév",
  "password": "Jelszó",
  "ssh_key_path": "SSH Kulcs Útvonal",
  "use_ssh_key": "SSH Kulcs Használata",
  "connect": "Kapcsolódás",
  "disconnect": "Kapcsolat Bontása",
  "setup_ssh_key": "🔑 SSH Kulcs",
  "connected": "Kapcsolódva",
  "disconnected": "Nincs Kapcsolat",
  "start": "Indítás",
  "stop": "Leállítás",
  "restart": "Újraindítás",
  "update": "Frissítés",
  "manager_update": "Manager Update",
  "server_update": "Server Update",
  "add_host": "Add Host",
  "start_all": "Összes Indítása",
  "stop_all": "Összes Leállítása",
  "update_all": "Összes Frissítése",
  "status": "Státusz",
  "online": "Online",
  "offline": "Offline",
  "busy": "Foglalt",
  "cpu_usage": "CPU Használat",
  "memory_usage": "Memória Használat",
  "port_info": "Port",
  "map_name": "Térkép",
  "day": "Nap",
  "version": "Verzió",
  "ping": "Ping",
  "global_log": "Globális Napló",
  "reconnect": "Újracsatlakozás",
  "connection_lost": "A kapcsolat megszakadt",
  "saving": "Mentés...",
  "loading": "Betöltés...",
  "error": "Hiba",
  "success": "Sikeres",
  "discovering_servers": "Szerverek felderítése...",
  "no_servers_found": "Nem található szerver",
  "server_name": "Szerver Név",
  "connecting": "Kapcsolódás...",
  "connection_failed": "Kapcsolódás sikertelen",
  "servers_discovered": "szerver található",
  "completed": "befejezve",
  "add_server": "Szerver Hozzáadása",
  "remove_server": "Szerver Törlése",
  "server_directory": "Szerver Könyvtár",
  "server_directory_path": "Szerver Könyvtár Útvonal",
  "add": "Hozzáadás",
  "remove": "Törlés",
  "cancel": "Mégse",
  "save": "Mentés",
  "server_added": "Szerver hozzáadva",
  "server_removed": "Szerver törölve",
  "invalid_directory": "Érvénytelen könyvtár",
  "directory_not_found": "A könyvtár nem található",
  "pok_manager_not_found": "A POK-manager.sh fájl nem található a megadott könyvtárban",
  "cpu_usage": "CPU Használat",
  "memory_usage": "Memória Használat",
  "disk_usage": "Tárhely Használat",
  "network_download": "Letöltés",
  "network_upload": "Feltöltés",
  "cluster_management": "Cluster Kezelése",
  "cluster_create": "Cluster létrehozás",
  "cluster_delete": "Cluster törlés",
  "cluster_name": "Cluster neve",
  "cluster_name_placeholder": "Pl: Rexodon, Nexus, Elysium",
  "create": "Létrehozás",
  "cluster_created": "Cluster létrehozva",
  "cluster_create_error": "Hiba a cluster létrehozásakor",
  "rename": "Név módosítás",
  "delete": "Törlés",
  "rename_cluster": "Cluster átnevezése",
  "delete_cluster": "Cluster törlése",
  "cluster_rename_error": "Hiba a cluster átnevezésekor",
  "cluster_delete_error": "Hiba a cluster törlésekor",
  "cluster_deleted": "Cluster törölve",
  "cluster_renamed": "Cluster átnevezve",
  "new_cluster_name": "Új cluster név",
  "add_server": "Szerver Hozzáadása",
  "select_cluster": "Cluster kiválasztása",
  "server_folder_name": "Server mappa neve",
  "asa_port": "ASA Port",
  "rcon_port": "RCON Port",
  "battleeye": "BATTLEEYE",
  "api": "API",
  "rcon_enabled": "RCON_ENABLED",
  "display_pok_monitor_message": "DISPLAY_POK_MONITOR_MESSAGE",
  "random_startup_delay": "RANDOM_STARTUP_DELAY",
  "cpu_optimization": "CPU_OPTIMIZATION",
  "update_server": "UPDATE_SERVER",
  "enable_motd": "ENABLE_MOTD",
  "motd": "MOTD",
  "motd_duration": "MOTD_DURATION",
  "map_name": "MAP_NAME",
  "session_name": "SESSION_NAME",
  "server_admin_password": "SERVER_ADMIN_PASSWORD",
  "server_password": "SERVER_PASSWORD",
  "max_players": "MAX_PLAYERS",
  "show_admin_commands_in_chat": "SHOW_ADMIN_COMMANDS_IN_CHAT",
  "cluster_id": "CLUSTER_ID",
  "mod_ids": "MOD_IDS",
  "passive_mods": "PASSIVE_MODS",
  "custom_server_args": "CUSTOM_SERVER_ARGS",
  "mem_limit": "mem_limit",
  "running_setup": "Setup futtatása...",
  "creating_instance_directory": "Instance mappa létrehozása...",
  "remove_server_warning": "Biztosan törölni szeretnéd ezt a szervert?",
  "directory_path": "Mappa útvonal",
  "delete_directory_warning": "A mappa teljes tartalmával együtt törlődik!",
  "directory_deleted": "Mappa törölve",
  "delete_directory_error": "Hiba a mappa törlésekor",
  "live_logs": "Élő adatok figyelése",
  "clear": "Törlés",
  "close": "Bezárás",
  "start_server_confirm": "Biztosan elindítod a szervert?",
  "pok_manager_path": "POK-manager.sh elérési útvonal",
  "confirm": "Megerősítés",
  "scheduled_shutdown": "Időzített leállítás",
  "shutdown_time_minutes": "Leállítás ideje (perc)",
  "shutdown_time_placeholder": "Például: 30",
  "saving_world": "Világ mentése...",
  "shutdown_scheduled": "Időzített leállítás beállítva",
  "update_server_shutdown_delay": "Szerver frissítés időzített leállítással",
  "update_delay_after_shutdown": "A frissítési delay után automatikusan újraindul a szerver.",
  "invalid_shutdown_time": "Érvénytelen leállítási idő. Kérjük, adjon meg egy pozitív számot.",
  "update_server_confirmation": "Biztosan frissíteni szeretné a szervert",
  "update_process_steps": "Ez a következőket fogja tenni:",
  "update_process_steps_immediate": "Ez a következőket fogja tenni (azonnali frissítés):",
  "immediate_update_note": "Megjegyzés: Nincs várakozási idő, a frissítés azonnal megkezdődik a szerver leállása után.",
  "schedule_shutdown": "Időzített leállítás ütemezése",
  "minutes": "perc",
  "wait_for_shutdown": "Várás a leállás befejezésére",
  "run_update_command": "Frissítési parancs futtatása",
  "live_output": "közben látható a kimenet",
  "wait_before_restart": "Várás 10 percet",
  "start_server_again": "Szerver újraindítása",
  "continue_question": "Folytatja?",
  "use_stop_instead_of_shutdown": "Stop használata shutdown helyett",
  "use_stop_instead_of_shutdown_description": "Ha be van jelölve, a szerver azonnal leáll (stop) shutdown helyett, majd frissül. Az élő logban követhető a folyamat.",
  "stop_server": "Szerver leállítása",
  "stop_server_confirm": "Biztosan leállítod a szervert?",
  "stopping_server": "Szerver leállítása...",
  "server_stopped": "Szerver leállítva",
  "checking_for_updates": "Frissítések ellenőrzése...",
  "update_available": "Frissítés elérhető",
  "update_required": "Kötelező frissítés",
  "current_version": "Jelenlegi verzió",
  "latest_version": "Legújabb verzió",
  "downloading_update": "Frissítés letöltése...",
  "extracting_update": "Frissítés kicsomagolása...",
  "backing_up_files": "Fájlok biztonsági mentése...",
  "applying_update": "Frissítés alkalmazása...",
  "update_success": "Frissítés sikeres, újraindítás...",
  "update_error": "Frissítési hiba",
  "no_updates": "Nincs elérhető frissítés",
  "update_failed": "A frissítés sikertelen volt",
  "release_notes": "Frissítési jegyzetek:",
  "no_release_notes": "Nincs elérhető frissítési jegyzet",
  "pid": "PID",
  "pid_not_available": "-",
  "server_base_path": "Szerver Alapútvonal",
  "refresh": "Frissítés",
  "refreshing": "Frissítés...",
  "refresh_completed": "Frissítés befejezve",
  "changelog": "Változásnapló",
  "versions": "Verziók",
  "select_version": "Válassz ki egy verziót a listából",
  "docker_setup": "Docker Setup",
  "docker_setup_saved": "Docker beállítás sikeresen mentve",
  "text_editor": "Szöveges Szerkesztő",
  "config_saved_successfully": "Konfiguráció sikeresen mentve",
  "search": "Keresés",
  "find_next": "Következő",
  "backup": "Biztonsági mentés",
  "backup_server": "Szerver biztonsági mentése",
  "backup_confirm": "Biztosan létre szeretnéd hozni a szerver biztonsági mentését?",
  "backup_created": "Biztonsági mentés létrehozva",
  "backup_error": "Biztonsági mentési hiba",
  "creating_backup": "Biztonsági mentés készítése...",
  "notifications": "Értesítések",
  "notification_server_started": "Szerver elindult",
  "notification_server_stopped": "Szerver leállt",
  "notification_shutdown_started": "Időzített leállítás elindult",
  "notification_shutdown_completed": "Időzített leállítás befejeződött",
  "notification_no_unread": "Nincs olvasatlan értesítés",
  "notification_mark_all_read": "Összes olvasottnak jelölése",
  "notification_clear_all": "Összes törlése",
  "add_admin": "Admin hozzáadása",
  "admin_management": "Admin kezelés",
  "admin_username": "Admin felhasználónév",
  "admin_password": "Admin jelszó",
  "admin_full_name": "Teljes név",
  "admin_email": "E-mail",
  "admin_permissions": "Jogosultságok",
  "permission_start": "Szerver indítása",
  "permission_stop": "Szerver leállítása",
  "permission_restart": "Szerver újraindítása",
  "permission_update": "Szerver frissítése",
  "permission_shutdown": "Szerver leállítása",
  "permission_backup": "Szerver biztonsági mentése",
  "permission_config": "Konfiguráció szerkesztése",
  "permission_live_logs": "Élő naplók",
  "permission_docker_setup": "Docker beállítás",
  "permission_add_server": "Szerver hozzáadása",
  "permission_remove_server": "Szerver eltávolítása",
  "permission_cluster_management": "Klaszter kezelés",
  "admin_created": "Admin sikeresen létrehozva",
  "admin_create_error": "Hiba az admin létrehozásakor",
  "admin_updated": "Admin sikeresen frissítve",
  "admin_update_error": "Hiba az admin frissítésekor",
  "admin_deleted": "Admin sikeresen törölve",
  "admin_delete_error": "Hiba az admin törlésekor",
  "delete_admin_confirm": "Biztosan törölni szeretnéd az '{0}' admint?",
  "deleted_admin": "Törölt admint",
  "edit_admin": "Admin szerkesztése",
  "password_change_hint": "Hagyd üresen, ha nem szeretnéd megváltoztatni a jelszót.",
  "cancel": "Mégse",
  "admin_list": "Admin lista",
  "is_server_admin": "Szerver admin",
  "server_admin": "Szerver admin",
  "regular_user": "Rendszeres felhasználó",
  "started_server": "Elindította a szervert",
  "stopped_server": "Leállította a szervert",
  "restarted_server": "Újraindította a szervert",
  "updated_server": "Frissítette a szervert",
  "scheduled_shutdown_for": "Időzített leállítást ütemezett a szerverhez",
  "in_minutes": "{0} perc múlva",
  "created_backup_for": "Biztonsági mentést készített a szerverhez",
  "config_change": "Konfiguráció változtatás",
  "created_admin": "Létrehozott admint",
  "with_permissions": "jogosultságokkal",
  "fill_all_fields": "Kérjük, töltse ki az összes mezőt!",
  "password_min_length": "A jelszónak legalább 4 karakter hosszúnak kell lennie!",
  "database_connection_error": "Az adatbázis kapcsolat sikertelen. Kérjük, ellenőrizze az internetkapcsolatot.",
  "invalid_credentials": "Hibás felhasználónév vagy jelszó!",
  "username_taken": "Ez a felhasználónév már foglalt!",
  "registration_success": "Regisztráció sikeres! Most bejelentkezhetsz.",
  "username_required": "A felhasználónév kötelező!",
  "full_name_required": "A teljes név kötelező!",
  "email_required": "Az e-mail cím kötelező!",
  "invalid_email_format": "Érvénytelen e-mail cím formátum!",
  "password_required": "A jelszó kötelező!",
  "password_min_length_6": "A jelszónak legalább 6 karakter hosszúnak kell lennie!",
  "terms_acceptance_required": "Az Általános Szerződési Feltételek elfogadása kötelező!",
  "registration_failed": "A regisztráció sikertelen!",
  "registration_error": "Regisztrációs hiba",
  "success": "Sikeres",
  "manager_admin": "Manager Admin",
  "open_manager_admin": "Manager Admin megnyitása",
  "license_management": "Licensz kezelés",
  "user_management": "Felhasználó kezelés",
  "ban_management": "Tiltás kezelés",
  "paypal_config": "PayPal beállítások",
  "license_generator": "Licensz generátor",
  "license_code": "Licensz kód",
  "license_type": "Licensz típus",
  "max_clusters": "Max klaszterek",
  "max_servers": "Max szerverek",
  "max_admins": "Max adminok",
  "valid_from": "Érvényes ettől",
  "valid_until": "Érvényes eddig",
  "is_active": "Aktív",
  "is_trial": "Próbaverzió",
  "generate_license": "Licensz generálása",
  "license_generated": "Licensz sikeresen generálva",
  "ban_ip": "IP cím tiltása",
  "ban_username": "Felhasználónév minta tiltása",
  "ip_address": "IP cím",
  "username_pattern": "Felhasználónév minta",
  "ban_reason": "Ok",
  "banned_until": "Tiltva eddig",
  "unban": "Tiltás feloldása",
  "banned_ips": "Tiltott IP címek",
  "banned_usernames": "Tiltott felhasználónév minták",
  "save": "Mentés",
  "edit": "Szerkesztés",
  "delete": "Törlés",
  "edit_license": "Licenc szerkesztése",
  "confirm_delete": "Törlés megerősítése",
  "license_updated": "Licenc sikeresen frissítve",
  "license_deleted": "Licenc sikeresen törölve",
  "validation_error": "A maximális cluster, szerver és admin számok nem lehetnek negatívak.",
  "user_license_overview": "Felhasználó Licenc Áttekintés",
  "admin_count": "Admin Szám",
  "server_count": "Szerver Szám",
  "cluster_count": "Cluster Szám",
  "search": "Keresés...",
  "user_profile": "Profil",
  "personal_information": "Személyes adatok",
  "phone_number": "Telefonszám",
  "company_name": "Cégnév",
  "change_password": "Jelszó módosítása",
  "current_password": "Jelenlegi jelszó",
  "new_password": "Új jelszó",
  "confirm_new_password": "Új jelszó megerősítése",
  "passwords_do_not_match": "A jelszavak nem egyeznek!",
  "enter_current_password": "Kérjük, adja meg a jelenlegi jelszavát!",
  "enter_new_password": "Kérjük, adjon meg egy új jelszót!",
  "invalid_current_password": "A jelenlegi jelszó helytelen!",
  "profile_updated": "Profil sikeresen frissítve!",
  "user_not_loaded": "A felhasználói információ nem elérhető.",
  "server_management": "Szerver Kezelés",
  "edit_server": "Szerver Szerkesztése",
  "server_updated": "Szerver sikeresen frissítve",
  "server_deleted": "Szerver sikeresen törölve",
  "fill_required_fields": "Kérjük, töltse ki az összes kötelező mezőt!",
  "invalid_port": "A port 1 és 65535 között kell legyen!",
  "news": "Hírek",
  "patch_notes": "Patch Note-ok",
  "news_management": "Hírek Kezelése",
  "add_news": "Hír Hozzáadása",
  "edit_news": "Hír Szerkesztése",
  "delete_news": "Hír Törlése",
  "news_title": "Cím",
  "news_content": "Tartalom",
  "news_image": "Kép",
  "news_category": "Kategória",
  "news_published": "Közzétéve",
  "upload_image": "Kép Feltöltése",
  "insert_image": "Kép Beszúrása",
  "news_deleted": "Hír sikeresen törölve",
  "success": "Siker",
  "save": "Mentés",
  "cancel": "Mégse",
  "refresh": "Frissítés",
  "close": "Bezárás",
  "performance_data": "Teljesítmény Adatok",
  "disk_usage": "Lemez Használat",
  "network_usage": "Hálózat Használat",
  "network_download": "Letöltés",
  "network_upload": "Feltöltés",
  "global_settings": "Globális Beállítások",
  "global_docker_settings": "Globális Docker Beállítás",
  "global_game_ini_settings": "Globális Game.ini Beállítás",
  "global_gameusersettings_ini_settings": "Globális GameUserSettings.ini Beállítás",
  "global_docker_settings_description": "Ezek a beállítások az összes szerver docker-compose fájljában frissülnek.",
  "global_ini_settings_description": "Válassz ki egy forrás szervert, amelynek Default mappájából betöltjük a config fájlt. Ezután az összes szerverre alkalmazható.",
  "global_docker_settings_confirm": "Biztosan frissíteni szeretnéd az összes szerver docker beállításait?",
  "global_ini_settings_confirm": "Biztosan frissíteni szeretnéd az összes szerver INI fájlját?",
  "global_docker_settings_saved": "Globális Docker beállítások sikeresen mentve",
  "global_ini_settings_saved": "Globális INI beállítások sikeresen mentve",
  "processed_servers": "Feldolgozott szerverek",
  "processing": "Feldolgozás",
  "source_server": "Forrás szerver (Default mappából olvasás)",
  "load_from_source": "Betöltés forrás szerverből",
  "config_loaded": "Konfiguráció betöltve",
  "no_config_loaded": "Nincs betöltött konfiguráció!",
  "default_folder_not_found": "A Default mappa nem található vagy a fájl nem olvasható.",
  "source_type": "Forrás típus",
  "source_type_default": "Default mappa",
  "source_type_live_server": "Élő szerver config",
  "source_type_template": "Template",
  "template": "Template",
  "template_name": "Template név (mentéshez)",
  "save_template": "Template mentése",
  "delete_template": "Template törlése",
  "save_to_all_servers": "Mentés az összes szerverre",
  "load": "Betöltés",
  "template_name_required": "Kérjük, adj meg egy template nevet!",
  "invalid_template_name": "A template név csak betűket, számokat, aláhúzást és kötőjelet tartalmazhat!",
  "saving_template": "Template mentése...",
  "template_saved": "Template sikeresen mentve",
  "delete_template_confirm": "Biztosan törölni szeretnéd ezt a template-et?",
  "template_deleted": "Template sikeresen törölve",
  "invalid_source": "Érvénytelen forrás!",
  
  "_descriptions": "=== RÉSZLETES LEÍRÁSOK ===",
  
  "battleeye_description": "Engedélyezi vagy letiltja a BattleEye anti-cheat rendszert. Ha be van kapcsolva, a szerver védett lesz a csalók ellen. Példa: TRUE = védett szerver, FALSE = nincs anti-cheat védelem.",
  "api_description": "Engedélyezi vagy letiltja a szerver API hozzáférését. Az API lehetővé teszi a külső alkalmazások számára a szerver információinak lekérdezését. Példa: TRUE = API elérhető, FALSE = API letiltva.",
  "rcon_enabled_description": "Engedélyezi vagy letiltja az RCON (Remote Console) hozzáférést. Az RCON segítségével távolról lehet parancsokat futtatni a szerveren. Példa: TRUE = RCON elérhető (port: 27020), FALSE = RCON letiltva.",
  "display_pok_monitor_message_description": "Megjeleníti vagy elrejti a POK monitor üzeneteket a szerveren. Ezek az üzenetek információkat adnak a szerver állapotáról. Példa: TRUE = üzenetek láthatók, FALSE = üzenetek elrejtve.",
  "random_startup_delay_description": "Véletlenszerű késleltetést ad a szerver indításakor. Ez segít elkerülni, hogy több szerver egyszerre induljon el, ami terhelést okozhat. Példa: TRUE = 0-60 másodperc véletlenszerű késleltetés, FALSE = azonnali indítás.",
  "cpu_optimization_description": "Engedélyezi a CPU optimalizálást a szerver számára. Ez javítja a teljesítményt és csökkenti a CPU terhelést. Példa: TRUE = optimalizált CPU használat, FALSE = alapértelmezett CPU használat.",
  "update_server_description": "Engedélyezi vagy letiltja az automatikus szerver frissítéseket. Ha be van kapcsolva, a szerver automatikusan frissül, amikor új verzió érhető el. Példa: TRUE = automatikus frissítés engedélyezve, FALSE = manuális frissítés szükséges.",
  "enable_motd_description": "Engedélyezi vagy letiltja a MOTD (Message of the Day) megjelenítését. A MOTD egy üzenet, amely a játékosoknak jelenik meg, amikor csatlakoznak a szerverhez. Példa: TRUE = MOTD megjelenik, FALSE = nincs MOTD.",
  "show_admin_commands_in_chat_description": "Megjeleníti vagy elrejti az admin parancsokat a chatben. Ha be van kapcsolva, minden admin parancs látható lesz a chatben. Példa: TRUE = admin parancsok láthatók, FALSE = admin parancsok rejtve.",
  "motd_description": "A MOTD (Message of the Day) szövege, amely megjelenik a játékosoknak, amikor csatlakoznak a szerverhez. Példa: 'Üdvözöljük a Rexodon Cluster szerverén!', 'Welcome to our server!'",
  "motd_duration_description": "A MOTD megjelenítésének időtartama másodpercben. Ez határozza meg, mennyi ideig marad látható az üzenet. Példa: 30 = 30 másodperc, 60 = 1 perc, 120 = 2 perc.",
  "max_players_description": "A szerveren egyidejűleg játszható játékosok maximális száma. Ez a szám nem lehet nagyobb, mint a szerver licenc által megengedett. Példa: 30 = maximum 30 játékos, 50 = maximum 50 játékos, 100 = maximum 100 játékos.",
  "custom_server_args_description": "Egyedi szerver argumentumok, amelyeket a szerver indításakor használ. Ezek a paraméterek módosítják a szerver működését. Példa: '-NoTiledGPU -useallavailablecores -lowmemory' = GPU optimalizálás, több CPU mag használata, alacsony memória mód.",
  "mem_limit_description": "A Docker konténer memória korlátja. Ez határozza meg, mennyi memóriát használhat a szerver. Példa: '20G' = 20 GB, '32G' = 32 GB, '16G' = 16 GB. Fontos: ne állíts be túl alacsony értéket, mert a szerver összeomolhat.",
  
  "global_docker_settings_description": "Ezek a beállítások az összes szerver docker-compose fájljában frissülnek. A módosítások minden szerverre egyszerre érvényesülnek. Figyelem: Ez felülírja az egyedi szerver beállításokat!",
  "global_ini_settings_description": "Válassz forrás típust és betöltsd a config fájlt. Ezután módosíthatod és az összes szerverre alkalmazhatod. Használhatsz Default mappát, élő szerver configot vagy elmentett template-et.",
  
  "connection_settings_description": "SSH kapcsolat beállításai a távoli szerverhez való csatlakozáshoz. A Host az IP cím vagy domain név, a Port általában 22, a Username a szerver felhasználóneve.",
  "host_description": "A távoli szerver IP címe vagy domain neve. Példa: '192.168.1.100', 'server.example.com', '116.203.226.140'",
  "port_description": "Az SSH port száma. Az alapértelmezett port 22. Csak akkor változtasd meg, ha a szerver más porton fut. Példa: 22 = alapértelmezett, 2222 = egyedi port.",
  "username_description": "A felhasználónév, amellyel SSH-n keresztül csatlakozol a szerverhez. Példa: 'root', 'admin', 'zedinke'",
  "password_description": "Az SSH jelszó a szerverhez való csatlakozáshoz. Alternatíva: használhatsz SSH kulcsot is a jelszó helyett.",
  "ssh_key_path_description": "Az SSH privát kulcs fájl elérési útja. Az SSH kulcs biztonságosabb, mint a jelszó. Példa: 'C:\\Users\\username\\.ssh\\id_rsa', '/home/user/.ssh/id_rsa'",
  "use_ssh_key_description": "Ha be van jelölve, SSH kulcsot használsz a jelszó helyett. Ez biztonságosabb és kényelmesebb, mert nem kell minden alkalommal jelszót beírni.",
  
  "server_directory_description": "A szerver mappájának elérési útja a távoli gépen. Ez a mappa tartalmazza a szerver fájlokat és konfigurációkat. Példa: '/home/zedinke/asa_server/server1', '/opt/ark/server'",
  "server_base_path_description": "A szerverek alapútvonala. Ez az a mappa, ahol az összes szerver mappája található. Példa: '/home/zedinke/asa_server', '/opt/ark'",
  
  "cluster_management_description": "Klaszterek kezelése. A klaszterek lehetővé teszik, hogy több szerver együtt működjön, és a játékosok átjuthassanak közöttük.",
  "cluster_name_description": "A klaszter neve. Ez azonosítja a klasztert, és látható lesz a játékosok számára. Példa: 'Rexodon', 'Nexus', 'Elysium'",
  "cluster_id_description": "A klaszter egyedi azonosítója. Ez a szám azonosítja a klasztert a játékban. Példa: '1234567890', '9876543210'",
  
  "docker_setup_description": "Docker beállítások konfigurálása egy szerverhez. Ezek a beállítások határozzák meg, hogyan fut a szerver Docker konténerben.",
  "asa_port_description": "Az ARK Survival Ascended szerver portja. Ez a port, amelyen a szerver kommunikál a játékosokkal. Példa: 7777, 7778, 7779. Fontos: minden szervernek egyedi portra van szüksége!",
  "rcon_port_description": "Az RCON (Remote Console) portja. Ezen a porton keresztül lehet távolról parancsokat futtatni a szerveren. Példa: 27020, 27021, 27022. Fontos: minden szervernek egyedi RCON portra van szüksége!",
  "map_name_description": "A térkép neve, amelyen a szerver fut. Példa: 'TheIsland', 'ScorchedEarth', 'Aberration', 'Extinction'",
  "session_name_description": "A szerver munkamenet neve. Ez a név jelenik meg a szerver listában. Példa: 'Rexodon PvP', 'Nexus PvE', 'Elysium Cluster'",
  "server_admin_password_description": "Az admin jelszó a szerverhez. Ezzel a jelszóval lehet admin jogosultságot szerezni a játékban. Példa: 'MySecurePassword123'",
  "server_password_description": "A szerver jelszava. Ha be van állítva, csak a jelszóval rendelkező játékosok csatlakozhatnak. Üresen hagyva bárki csatlakozhat. Példa: 'ServerPassword123'",
  "mod_ids_description": "A telepített modok ID-jai, vesszővel elválasztva. Ezek a modok automatikusan letöltődnek, amikor a játékosok csatlakoznak. Példa: '123456789,987654321,555555555'",
  "passive_mods_description": "A passzív modok ID-jai, vesszővel elválasztva. Ezek a modok nem jelennek meg a szerver listában, de működnek. Példa: '111111111,222222222'",
  
  "config_editor_description": "A szerver konfigurációs fájljainak (Game.ini, GameUserSettings.ini) szerkesztése. Itt módosíthatod a szerver beállításait, mint például a taming sebességet, az XP szorzót, stb.",
  "game_ini_description": "A Game.ini fájl tartalmazza a szerver játékbeállításait, mint például a taming sebességet, az XP szorzót, a dinó statisztikákat, stb.",
  "gameusersettings_ini_description": "A GameUserSettings.ini fájl tartalmazza a szerver felhasználói beállításait, mint például a maximális játékosszámot, a szerver jelszavát, stb.",
  
  "backup_description": "Biztonsági mentés készítése a szerverről. Ez menti a szerver fájlait, konfigurációit és mentéseit. A biztonsági mentés visszaállítható, ha valami probléma történik.",
  "scheduled_shutdown_description": "Időzített leállítás beállítása. A szerver egy meghatározott idő múlva leáll, és menti a világot. Ez hasznos frissítések előtt vagy karbantartáshoz.",
  "shutdown_time_minutes_description": "A leállítás ideje percekben. Ez határozza meg, mennyi idő múlva áll le a szerver. Példa: 30 = 30 perc múlva, 60 = 1 óra múlva, 120 = 2 óra múlva.",
  
  "admin_management_description": "Admin felhasználók kezelése. Itt adhatsz hozzá, szerkeszthetsz vagy törölhetsz admin felhasználókat, és beállíthatod a jogosultságaikat.",
  "admin_username_description": "Az admin felhasználónév. Ez a név használatos a bejelentkezéshez. Példa: 'admin', 'serveradmin', 'manager'",
  "admin_password_description": "Az admin jelszó. A jelszónak legalább 4 karakter hosszúnak kell lennie. Példa: 'SecurePass123'",
  "admin_full_name_description": "Az admin teljes neve. Ez a név jelenik meg az értesítésekben és naplókban. Példa: 'Kovács János', 'John Smith'",
  "admin_email_description": "Az admin e-mail címe. Ez hasznos lehet értesítésekhez és kapcsolattartáshoz. Példa: 'admin@example.com'",
  "admin_permissions_description": "Az admin jogosultságai. Itt választhatod ki, hogy az admin milyen műveleteket végezhet el. Példa: Start Server, Stop Server, Edit Config, stb.",
  
  "performance_data_description": "A szerver teljesítmény adatainak megjelenítése. Itt láthatod a CPU, memória, lemez és hálózat használatát valós időben.",
  "cpu_usage_description": "A CPU használat százaléka. Ez mutatja, mennyire van terhelve a processzor. Példa: 50% = közepes terhelés, 90% = magas terhelés, 100% = maximális terhelés.",
  "memory_usage_description": "A memória használat százaléka. Ez mutatja, mennyi memóriát használ a szerver. Példa: 60% = 12 GB / 20 GB, 80% = 16 GB / 20 GB.",
  "disk_usage_description": "A lemez használat százaléka. Ez mutatja, mennyi tárhelyet használ a szerver. Példa: 70% = 700 GB / 1000 GB.",
  "network_download_description": "A hálózati letöltés sebessége. Ez mutatja, mennyi adatot tölt le a szerver másodpercenként. Példa: 10 MB/s, 50 MB/s, 100 MB/s.",
  "network_upload_description": "A hálózati feltöltés sebessége. Ez mutatja, mennyi adatot tölt fel a szerver másodpercenként. Példa: 5 MB/s, 25 MB/s, 50 MB/s.",
  
  "notifications_description": "Értesítések megjelenítése a szerver eseményekről. Itt láthatod, ha egy szerver elindult, leállt, frissült, stb.",
  "notification_server_started_description": "Értesítés, amikor egy szerver elindul. Ez akkor jelenik meg, amikor valaki elindítja a szervert.",
  "notification_server_stopped_description": "Értesítés, amikor egy szerver leáll. Ez akkor jelenik meg, amikor valaki leállítja a szervert.",
  "notification_shutdown_started_description": "Értesítés, amikor egy időzített leállítás elindul. Ez akkor jelenik meg, amikor egy időzített leállítás aktiválódik.",
  "notification_shutdown_completed_description": "Értesítés, amikor egy időzített leállítás befejeződik. Ez akkor jelenik meg, amikor a szerver leállt az időzített leállítás után.",
  
  "dashboard_description": "Az irányítópult áttekintést nyújt az összes szerverről. Itt láthatod a szerverek státuszát, teljesítményét és legfontosabb információit.",
  "cluster_control_description": "Klaszter vezérlés. Itt indíthatod, leállíthatod vagy frissítheted az összes szervert egyszerre.",
  "start_all_description": "Az összes szerver elindítása egyszerre. Ez akkor hasznos, amikor minden szervert egyszerre szeretnél elindítani.",
  "stop_all_description": "Az összes szerver leállítása egyszerre. Ez akkor hasznos, amikor minden szervert egyszerre szeretnél leállítani, például karbantartáshoz.",
  "update_all_description": "Az összes szerver frissítése egyszerre. Ez akkor hasznos, amikor minden szervert egyszerre szeretnél frissíteni egy új verzióra.",
  
  "live_logs_description": "Élő naplók megjelenítése a szerverről. Itt láthatod a szerver kimenetét valós időben, ahogy az események történnek.",
  "text_editor_description": "Szöveges szerkesztő a konfigurációs fájlok közvetlen szerkesztéséhez. Itt módosíthatod a fájlokat szövegként, ha nem szeretnéd a grafikus szerkesztőt használni.",
  
  "user_profile_description": "Felhasználói profil kezelése. Itt módosíthatod a személyes adataidat, jelszavadat és egyéb beállításaidat.",
  "change_password_description": "Jelszó módosítása. Itt változtathatod meg a jelszavadat egy új, biztonságosabb jelszóra. A jelszónak legalább 6 karakter hosszúnak kell lennie.",
  "current_password_description": "A jelenlegi jelszó. Ezt a jelszót kell megadnod, hogy megerősítsd, hogy te vagy a fiók tulajdonosa.",
  "new_password_description": "Az új jelszó. Ez lesz az új jelszavad a bejelentkezéshez. A jelszónak legalább 6 karakter hosszúnak kell lennie.",
  "confirm_new_password_description": "Az új jelszó megerősítése. Ezt ugyanazt a jelszót kell tartalmaznia, mint az új jelszó mező.",
  
  "manager_admin_description": "Manager Admin felület. Itt kezelheted a licencet, a felhasználókat, a tiltásokat és a PayPal beállításokat.",
  "license_management_description": "Licenc kezelés. Itt generálhatsz, szerkeszthetsz vagy törölhetsz licenceket a felhasználók számára.",
  "user_management_description": "Felhasználó kezelés. Itt kezelheted az összes felhasználót, megtekintheted a licenc információikat és módosíthatod az adataikat.",
  "ban_management_description": "Tiltás kezelés. Itt tilthatod ki IP címeket vagy felhasználónév mintákat, és feloldhatod a tiltásokat.",
  "paypal_config_description": "PayPal beállítások. Itt konfigurálhatod a PayPal integrációt a fizetésekhez.",
  
  "license_code_description": "A licenc egyedi kódja. Ez a kód azonosítja a licencet. Példa: 'LIC-ABC123-XYZ789'",
  "license_type_description": "A licenc típusa. Ez határozza meg, milyen típusú licencről van szó. Példa: 'Standard', 'Premium', 'Enterprise'",
  "max_clusters_description": "A maximális klaszterek száma, amelyeket ez a licenc engedélyez. Példa: 5 = maximum 5 klaszter, 10 = maximum 10 klaszter, -1 = korlátlan.",
  "max_servers_description": "A maximális szerverek száma, amelyeket ez a licenc engedélyez. Példa: 20 = maximum 20 szerver, 50 = maximum 50 szerver, -1 = korlátlan.",
  "max_admins_description": "A maximális adminok száma, amelyeket ez a licenc engedélyez. Példa: 10 = maximum 10 admin, 25 = maximum 25 admin, -1 = korlátlan.",
  "valid_from_description": "A licenc érvényességének kezdő dátuma. Ettől a dátumtól érvényes a licenc. Példa: '2024-01-01'",
  "valid_until_description": "A licenc érvényességének vége dátuma. Eddig a dátumig érvényes a licenc. Példa: '2024-12-31'",
  "is_active_description": "Aktív-e a licenc. Ha be van jelölve, a licenc aktív és használható. Ha nincs bejelölve, a licenc inaktív.",
  "is_trial_description": "Próbaverzió-e a licenc. Ha be van jelölve, ez egy próbaverziós licenc, amely korlátozott ideig érvényes. Példa: TRUE = 7 napos próba, FALSE = teljes licenc.",
  
  "ban_ip_description": "IP cím tiltása. Itt adhatsz hozzá IP címeket, amelyeket ki szeretnél tiltani a rendszerből. Példa: '192.168.1.100', '10.0.0.50'",
  "ban_username_description": "Felhasználónév minta tiltása. Itt adhatsz hozzá felhasználónév mintákat (pl. regex), amelyeket ki szeretnél tiltani. Példa: '.*cheater.*', '.*hacker.*'",
  "ban_reason_description": "A tiltás oka. Ez az információ segít megérteni, miért lett valaki kitiltva. Példa: 'Cheating', 'Toxic behavior', 'Spam'",
  "banned_until_description": "A tiltás vége dátuma. Eddig a dátumig érvényes a tiltás. Ha üres, a tiltás végleges. Példa: '2024-12-31'",
  
  "news_management_description": "Hírek kezelése. Itt adhatsz hozzá, szerkeszthetsz vagy törölhetsz híreket, amelyek megjelennek az irányítópulton.",
  "news_title_description": "A hír címe. Ez jelenik meg a hír fejlécében. Példa: 'Új frissítés érkezett!', 'Szerver karbantartás'",
  "news_content_description": "A hír tartalma. Itt írhatod le részletesen a hírt. Használhatsz HTML formázást is. Példa: 'Szeretettel értesítünk, hogy...'",
  "news_category_description": "A hír kategóriája. Ez segít kategorizálni a híreket. Példa: 'Update', 'Maintenance', 'Event', 'General'",
  "news_published_description": "Közzé van-e téve a hír. Ha be van jelölve, a hír látható lesz az irányítópulton. Ha nincs bejelölve, a hír vázlatként marad.",
  
  "refresh_description": "Frissítés. Ez frissíti a szerverek listáját és az információkat. Hasznos, ha változások történtek a szervereken.",
  "close_description": "Bezárás. Ez bezárja az aktuális ablakot vagy panelt.",
  "save_description": "Mentés. Ez menti a módosításokat. Fontos: mindig mentsd el a változtatásaidat, mielőtt bezárod az ablakot!",
  "cancel_description": "Mégse. Ez megszakítja a műveletet és nem menti a változtatásokat.",
  "add_description": "Hozzáadás. Ez hozzáad egy új elemet (szerver, admin, stb.) a listához.",
  "remove_description": "Törlés. Ez eltávolít egy elemet a listából. Figyelem: ez végleges művelet!",
  "edit_description": "Szerkesztés. Ez lehetővé teszi egy meglévő elem módosítását.",
  "delete_description": "Törlés. Ez véglegesen töröl egy elemet. Figyelem: ez nem vonható vissza!",
  "confirm_description": "Megerősítés. Ez megerősíti, hogy folytatni szeretnéd a műveletet.",
  
  "search_description": "Keresés. Itt kereshetsz a listában vagy konfigurációban. Hasznos, ha sok elem van, és gyorsan szeretnél valamit megtalálni.",
  "find_next_description": "Következő találat. Ez megkeresi a következő találatot a keresési eredmények között.",
  
  "add_server_description": "Új ARK Survival Ascended szerver hozzáadása a rendszerhez. Itt adhatsz meg minden szükséges információt a szerver létrehozásához.",
  "select_cluster_description": "Válassz ki egy klasztert, amelyhez a szerver tartozik. A klaszterek lehetővé teszik, hogy több szerver együtt működjön. Példa: 'Rexodon', 'Nexus', 'Elysium'",
  "server_folder_name_description": "A szerver mappájának neve. Ez a név azonosítja a szerver mappáját a fájlrendszerben. Példa: 'server1', 'aberration_server', 'pvp_island'",
  "used_ports_description": "A jelenleg használt portok listája. Ez segít elkerülni a port ütközéseket. Minden szervernek egyedi portra van szüksége.",
  "asa_port_description": "Az ARK Survival Ascended szerver portja. Ez a port, amelyen a szerver kommunikál a játékosokkal. Példa: 7777, 7778, 7779. Fontos: minden szervernek egyedi portra van szüksége!",
  "rcon_port_description": "Az RCON (Remote Console) portja. Ezen a porton keresztül lehet távolról parancsokat futtatni a szerveren. Példa: 27020, 27021, 27022. Fontos: minden szervernek egyedi RCON portra van szüksége!",
  "map_name_description": "A térkép neve, amelyen a szerver fut. Választható a legördülő menüből vagy megadhatsz egyedi térképnevet. Példa: 'TheIsland', 'ScorchedEarth', 'Aberration', 'Extinction'",
  "session_name_description": "A szerver munkamenet neve. Ez a név jelenik meg a szerver listában a játékosok számára. Példa: 'Rexodon PvP', 'Nexus PvE', 'Elysium Cluster'",
  "server_admin_password_description": "Az admin jelszó a szerverhez. Ezzel a jelszóval lehet admin jogosultságot szerezni a játékban. Példa: 'MySecurePassword123'",
  "server_password_description": "A szerver jelszava. Ha be van állítva, csak a jelszóval rendelkező játékosok csatlakozhatnak. Üresen hagyva bárki csatlakozhat. Példa: 'ServerPassword123'",
  "mod_ids_description": "A telepített modok ID-jai, vesszővel elválasztva. Ezek a modok automatikusan letöltődnek, amikor a játékosok csatlakoznak. Példa: '123456789,987654321,555555555'",
  "passive_mods_description": "A passzív modok ID-jai, vesszővel elválasztva. Ezek a modok nem jelennek meg a szerver listában, de működnek. Példa: '111111111,222222222'",
  "docker_setup_description": "Docker beállítások konfigurálása egy szerverhez. Ezek a beállítások határozzák meg, hogyan fut a szerver Docker konténerben.",
  "create_description": "Létrehozás. Ez létrehozza az új szervert a megadott beállításokkal. Figyelem: ez végleges művelet, és a szerver mappája létrejön a távoli gépen!",
  
  "login_description": "Bejelentkezés a rendszerbe. Itt adhatod meg a felhasználónevedet és jelszavadat a hozzáféréshez.",
  "register_description": "Regisztráció új felhasználóként. Itt hozhatsz létre új fiókot a rendszerhez.",
  "username_description": "A felhasználónév, amellyel bejelentkezel. Ez egyedi kell legyen a rendszerben. Példa: 'admin', 'serveradmin', 'manager'",
  "password_description": "A jelszó a bejelentkezéshez. A jelszónak legalább 6 karakter hosszúnak kell lennie. Példa: 'SecurePass123'",
  "full_name_description": "A teljes neved. Ez a név jelenik meg az értesítésekben és naplókban. Példa: 'Kovács János', 'John Smith'",
  "email_description": "Az e-mail címed. Ez hasznos lehet értesítésekhez és kapcsolattartáshoz. Példa: 'user@example.com'",
  "terms_acceptance_description": "Az Általános Szerződési Feltételek elfogadása. A regisztrációhoz kötelező elfogadni a feltételeket.",
  "login_failed_description": "A bejelentkezés sikertelen. Ellenőrizd a felhasználónevedet és jelszavadat!",
  
  "connection_settings_description": "SSH kapcsolat beállításai a távoli szerverhez való csatlakozáshoz. A Host az IP cím vagy domain név, a Port általában 22, a Username a szerver felhasználóneve.",
  "saved_servers_description": "Mentett szerverek listája. Itt választhatod ki a korábban mentett szerver beállításokat.",
  "server_name_description": "A szerver neve. Ez azonosítja a szervert a mentett szerverek között. Példa: 'Production Server', 'Test Server', 'Development'",
  "generate_ssh_key_description": "SSH kulcs generálása és automatikus telepítése a szerverre. Ez biztonságosabb, mint a jelszó használata.",
  "browse_ssh_key_description": "SSH kulcs fájl kiválasztása a helyi gépről. Válassz ki egy .pem vagy .key fájlt.",
  
  "cluster_management_description": "Klaszterek kezelése. A klaszterek lehetővé teszik, hogy több szerver együtt működjön, és a játékosok átjuthassanak közöttük.",
  "create_cluster_description": "Új klaszter létrehozása. A klaszter neve egyedi kell legyen. Példa: 'Rexodon', 'Nexus', 'Elysium'",
  "rename_cluster_description": "Klaszter átnevezése. Ez megváltoztatja a klaszter nevét. Figyelem: ez nem módosítja a klaszter ID-t!",
  "delete_cluster_description": "Klaszter törlése. Ez véglegesen törli a klasztert. Figyelem: ez nem törli a klaszterhez tartozó szervereket!",
  
  "source_type_default_description": "Betölti a konfigurációt a kiválasztott szerver 'defaults' mappájából. Ez a szerver alapértelmezett beállításait tartalmazza.",
  "source_type_live_server_description": "Betölti a konfigurációt egy élő szerver aktuális, futó konfigurációs fájljából. Ez lehetővé teszi a jelenlegi beállítások módosítását.",
  "source_type_template_description": "Betölt egy korábban elmentett konfigurációs sablont. Ezek a sablonok újra felhasználhatók különböző eseményekhez vagy gyors beállításokhoz.",
  "template_name_description": "A template neve. Ez azonosítja a template-et. Csak betűket, számokat, aláhúzást és kötőjelet tartalmazhat. Példa: 'Farsang', 'Event_2024', 'PvP_Config'",
  "save_template_description": "Template mentése. Ez elmenti a jelenlegi konfigurációt template-ként, amelyet később újra felhasználhatsz.",
  "delete_template_description": "Template törlése. Ez véglegesen törli a template-et a szerverről. Figyelem: ez nem vonható vissza!",
  "load_template_description": "Template betöltése. Ez betölti a kiválasztott template-et, amelyet ezután módosíthatsz és alkalmazhatsz az összes szerverre.",
  "select_source_server_warning": "Kérjük, válassz ki egy forrás szervert!",
  "select_template_warning": "Kérjük, válassz ki egy template-et!",
  "error_loading_config": "Hiba a konfiguráció betöltésekor",
  "warning": "Figyelmeztetés",
  "language": "Nyelv",
  "language_selector": "Nyelv választó",
  "hungarian": "Magyar",
  "english": "English",
  "login": "Bejelentkezés",
  "register": "Regisztráció",
  "remember_me": "Emlékezz rám (72 óra)",
  "view_terms": "ÁSZF megtekintése",
  "registration_success": "Sikeres regisztráció! Most már bejelentkezhetsz.",
  
  "automation_management": "Automatizálás Kezelése",
  "automation_schedules": "Automatizálási Ütemezések",
  "create_automation_schedule": "Új Ütemezés",
  "schedule_name": "Ütemezés neve",
  "schedule_name_required": "Az ütemezés neve kötelező",
  "automation_type": "Automatizálás típusa",
  "all_servers": "Minden szerverre érvényes",
  "select_servers": "Válassz szervereket",
  "schedule_settings": "Ütemezés beállítások",
  "schedule_frequency": "Gyakoriság",
  "schedule_time": "Időpont (óra:perc)",
  "email_notifications": "Email Értesítések",
  "email_recipients": "Email címzettek",
  "notify_on_events": "Értesítés eseményekhez",
  "notify_on_backup": "Értesítés backup esetén",
  "notify_on_restart": "Értesítés restart esetén",
  "notify_on_update": "Értesítés update esetén",
  "notify_on_shutdown": "Értesítés shutdown esetén",
  "notify_on_error": "Értesítés hiba esetén",
  "notify_on_health_check_failure": "Értesítés health check hiba esetén",
  "apply_schedule": "Alkalmazás",
  "schedule_applied_successfully": "Ütemezés sikeresen alkalmazva",
  "delete_schedule_confirm": "Biztosan törölni szeretnéd ezt az ütemezést?",
  "invalid_email_format": "Érvénytelen email formátum",
  "email_notifications_enabled": "Automatikus email értesítések engedélyezve",
  
  "boss_loot_manager": "Boss Loot Menedzser",
  "cave_loot_manager": "Cave Loot Menedzser",
  "loot_multiplier": "Loot Multiplikátor",
  "duration_days": "Időtartam (napok)",
  "duration_hours": "Időtartam (órák)",
  "select_servers_loot": "Szerverek kiválasztása",
  "all_servers_loot": "Összes szerver",
  "active_loot_configs": "Aktív Loot Beállítások",
  "expires_at": "Lejárat",
  "activate_at": "Aktiválás ideje",
  "loot_type": "Loot típus",
  "boss": "Boss",
  "cave": "Cave",
  "boss_name": "Boss neve",
  "difficulty": "Nehézség",
  "gamma": "Gamma",
  "beta": "Beta",
  "alpha": "Alpha",
  "cave_tier": "Cave Tier",
  "tier_1": "Tier 1",
  "tier_2": "Tier 2",
  "tier_3": "Tier 3",
  "map_name": "Térkép neve",
  "config_name": "Beállítás neve",
  "config_name_placeholder": "Pl: Dupla Boss Loot Hétvége",
  "create_loot_config": "Loot Beállítás Létrehozása",
  "save_loot_config": "Mentés",
  "preview_config": "Előnézet",
  "delete_loot_config": "Törlés",
  "delete_loot_config_confirm": "Biztosan törölni szeretnéd ezt a loot beállítást?",
  "loot_config_created": "Loot beállítás létrehozva",
  "loot_config_deleted": "Loot beállítás törölve",
  "loot_config_applied": "Loot beállítás alkalmazva",
  "loot_config_removed": "Loot beállítás eltávolítva",
  "loot_config_expired": "Loot beállítás lejárt",
  "loot_config_activated": "Loot beállítás aktiválva",
  "invalid_multiplier": "Érvénytelen multiplikátor érték (1.0-10.0)",
  "invalid_duration": "Érvénytelen időtartam. Adjon meg napokat vagy órákat.",
  "no_servers_selected": "Nincs kiválasztott szerver",
  "no_loot_type_selected": "Nincs kiválasztott loot típus",
  "no_loot_selected": "Kérjük, válassz ki legalább egy boss-t vagy cave-t",
  "conflict_detected": "Ütközés észlelve: már van beállítás erre a container tag-re",
  "server_offline_warning": "Figyelmeztetés: A szerver offline, a beállítás csak akkor lép életbe, amikor a szerver elindul",
  "backup_created": "Backup létrehozva",
  "rollback_successful": "Visszaállítás sikeres",
  "preview_config_title": "Loot Beállítás Előnézet",
  "preview_config_line": "Game.ini sor:",
  "preview_applied_servers": "Alkalmazandó szerverek:",
  "preview_expires_at": "Lejárat:",
  "history": "Történet",
  "loot_config_history": "Loot Beállítás Történet",
  "action": "Művelet",
  "details": "Részletek",
  "template_save": "Template mentése",
  "template_load": "Template betöltése",
  "template_name": "Template neve",
  "template_description": "Template leírása",
  "template_saved": "Template mentve",
  "template_updated": "Template frissítve",
  "template_loaded": "Template betöltve",
  "template_deleted": "Template törölve",
  "delete_template_confirm": "Biztosan törölni szeretnéd ezt a template-et?",
  "templates": "Template-ek",
  "description": "Leírás",
  "created_at": "Létrehozva",
  "batch_select_all_gamma": "Összes Gamma Boss",
  "batch_select_all_beta": "Összes Beta Boss",
  "batch_select_all_alpha": "Összes Alpha Boss",
  "batch_select_all_tier1": "Összes Tier 1 Cave",
  "batch_select_all_tier2": "Összes Tier 2 Cave",
  "batch_select_all_tier3": "Összes Tier 3 Cave",
  "loot_items": "Loot Itemek",
  "item_class_string": "Item BP Név (ItemClassString)",
  "min_quantity": "Min Mennyiség",
  "max_quantity": "Max Mennyiség",
  "min_quality": "Min Minőség",
  "max_quality": "Max Minőség",
  "item_weight": "Item Súly",
  "items_multiplier": "Items Multiplier",
  "chance_blueprint": "Blueprint Esély",
  "force_blueprint": "Force Blueprint",
  "preview_changes": "Változások előnézete",
  "config_lines_preview": "Config fájlba írandó sorok:",
  "config_lines_note": "Megjegyzés: Ezek a sorok kerülnek be a Game.ini fájlba. A lejáratkor a TemporaryLootSchedulerService automatikusan eltávolítja őket és újraindítja a szervert.",
  "scheduler_info_title": "Automatikus lejárat kezelés:",
  "scheduler_info_note": "Megjegyzés: A TemporaryLootSchedulerService háttérszolgáltatásként fut az alkalmazásban, percenként ellenőrzi a lejáratot. Nincs crontab bejegyzés szükséges.",
  "per_server_loot": "Szerverenként",
  "preview_config_title": "Loot Config Előnézet",
  "preview_config_header": "A következő változások lesznek alkalmazva a Game.ini fájlokban:",
  "config_changes_title": "Config Változások:",
  "boss_or_cave_name": "Boss/Cave",
  "action": "Művelet",
  "add": "Hozzáadás",
  "modify": "Módosítás",
  "no_change": "Nincs változás",
  "cancel": "Mégse",
  "apply": "Alkalmazás",
  "loot_settings_tab": "Loot Beállítások",
  "boss_damage_settings_tab": "Boss Damage Beállítások",
  "boss_damage_settings_title": "Boss Damage Beállítások",
  "boss_hp_multiplier": "Boss HP Szorzó",
  "boss_hp_multiplier_description": "A boss életerejének szorzója. 1.0 = gyári érték, 2.0 = kétszeres HP, 0.5 = fele HP.",
  "boss_damage_multiplier": "Boss Sebzés Szorzó",
  "boss_damage_multiplier_description": "A boss által okozott sebzés szorzója. 1.0 = gyári érték, 2.0 = kétszeres sebzés, 0.5 = fele sebzés.",
  "boss_resistance_multiplier": "Boss Ellenállás Szorzó",
  "boss_resistance_multiplier_description": "A boss által elszenvedett sebzés szorzója (fordított logika). 1.0 = gyári érték, 2.0 = kétszeres sebzést kap (gyengébb védelem), 0.5 = fele sebzést kap (erősebb védelem).",
  "link_to_loot_events": "Összekötés Loot Eseményekkel",
  "link_boss_damage_to_loot": "Összekötés Boss Damage-t a Loot eseményekkel",
  "link_boss_damage_to_loot_description": "Ha be van jelölve, a nehezebb boss-ok (magasabb damage) automatikusan nagyobb loot-ot adnak.",
  "apply_boss_damage_settings": "Boss Damage Beállítások Alkalmazása",
  "itemset_settings": "ItemSet Beállítások",
  "min_num_items": "Min Itemek Száma (MinNumItems)",
  "max_num_items": "Max Itemek Száma (MaxNumItems)",
  "num_items_to_select": "Kiválasztandó Itemek Száma (NumItemsToSelect)",
  "itemset_weight": "ItemSet Súly (ItemSetWeight)",
  
  "breeding_navigation_title": "Mating és Breeding",
  "breeding_settings_title": "Mating és Breeding Beállítások",
  "breeding_profile_vanilla": "Vanilla",
  "breeding_profile_fast": "Fast Breeding",
  "breeding_profile_instant": "Instant",
  "breeding_profile_custom": "Egyedi profil",
  "breeding_profile_save": "Profil Mentése",
  "breeding_profile_delete": "Profil Törlése",
  "breeding_profile_description": "Profil leírása",
  "breeding_speed_group": "Gyorsaság (Sebesség Szorzók)",
  "breeding_imprint_group": "Imprint Matematika",
  "breeding_food_group": "Élelem Fogyasztás",
  "breeding_mating_interval": "MatingIntervalMultiplier",
  "breeding_egg_hatch": "EggHatchSpeedMultiplier",
  "breeding_baby_mature": "BabyMatureSpeedMultiplier",
  "breeding_cuddle_interval": "BabyCuddleIntervalMultiplier",
  "breeding_grace_period": "BabyCuddleGracePeriodMultiplier",
  "breeding_lose_imprint": "BabyCuddleLoseImprintQualitySpeedMultiplier",
  "breeding_imprint_amount": "BabyImprintAmountMultiplier",
  "breeding_food_consumption": "BabyFoodConsumptionSpeedMultiplier",
  "breeding_one_click_100": "1-Click 100% Imprint",
  "breeding_validation_errors": "Validációs Hibák és Figyelmeztetések",
  "breeding_auto_fix": "Auto-Fix Beállítások",
  "breeding_dino_preview": "Dínó Előnézet Kalkulátor",
  "breeding_dino_list": "Dínó Lista",
  "breeding_dino_mature_time": "Felnövési idő",
  "breeding_dino_cuddle_interval": "Imprint intervallum",
  "breeding_dino_imprint_count": "Imprint alkalmak száma",
  "breeding_dino_can_achieve_100": "100% Imprint elérhető",
  "breeding_apply_mode": "Alkalmazás Módja",
  "breeding_apply_global": "Globális (Összes szerver)",
  "breeding_apply_per_server": "Szerverenként",
  "breeding_apply_global_button": "Alkalmazás Globálisan",
  "breeding_apply_server_button": "Alkalmazás Kiválasztott Szerverre",
  "breeding_load_from_server": "Beállítások Betöltése Szerverről",
  "breeding_never_100_error": "Never 100% Imprint Error: A dínó hamarabb felnő, mint hogy az első imprint elérhető lenne.",
  "breeding_high_hatch_warning": "Magas keltetési sebesség mellett javasolt a BabyFoodConsumptionSpeedMultiplier csökkentése 0.2-re vagy alacsonyabbra!",
  "breeding_imprint_percent_warning": "Csak {0}% imprint elérhető a jelenlegi beállításokkal.",
  "breeding_settings_applied": "Beállítások sikeresen alkalmazva",
  "breeding_settings_applied_count": "Beállítások alkalmazva {0}/{1} szerverre.",
  "breeding_profile_saved": "Profil sikeresen mentve",
  "breeding_profile_deleted": "Profil sikeresen törölve",
  "breeding_profile_delete_confirm": "Biztosan törölni szeretnéd a '{0}' profilt?",
  "breeding_profile_name_required": "Kérjük, adj meg egy profil nevet!",
  "breeding_profile_name_invalid": "A profil név csak betűket, számokat, aláhúzást és kötőjelet tartalmazhat!",
  "breeding_settings_loaded": "Beállítások sikeresen betöltve",
  "breeding_apply_global_confirm": "Biztosan alkalmazni szeretnéd a beállításokat az összes szerverre ({0} db)?",
  
  "cluster_chat": "Cluster Chat",
  "server_display_name": "Szerver Megjelenítési Név",
  "server_configuration": "Szerver Konfiguráció",
  "service_management": "Szolgáltatás Kezelés",
  "install_service": "Szolgáltatás Telepítése",
  "start_service": "Szolgáltatás Indítása",
  "stop_service": "Szolgáltatás Leállítása",
  "delete_service": "Szolgáltatás Törlése",
  "discord_webhook_url": "Discord Webhook URL",
  "log_file_path": "Log Fájl Útvonal",
  "cluster_chat_migration_running": "Adatbázis migráció futtatása...",
  "cluster_chat_migration_completed": "Migráció befejezve",
  "cluster_chat_migration_file_not_found": "Migrációs fájl nem található",
  "installing_service": "Szolgáltatás telepítése...",
  "starting_service": "Szolgáltatás indítása...",
  "stopping_service": "Szolgáltatás leállítása...",
  "deleting_service": "Szolgáltatás törlése...",
  "service_installed": "Szolgáltatás telepítve",
  "service_started": "Szolgáltatás elindítva",
  "service_stopped": "Szolgáltatás leállítva",
  "service_deleted": "Szolgáltatás törölve",
  "service_install_failed": "Szolgáltatás telepítése sikertelen",
  "service_start_failed": "Szolgáltatás indítása sikertelen",
  "service_stop_failed": "Szolgáltatás leállítása sikertelen",
  "service_delete_failed": "Szolgáltatás törlése sikertelen",
  "service_status": "Szolgáltatás Státusz",
  "status_auto_refresh": "Automatikus frissítés: 2 másodpercenként",
  "no_server_selected": "Nincs kiválasztott szerver",
  "terminal_output": "Terminál Kimenet",
  "clear": "Törlés",
  "single_server_actions": "Egyedi Szerver Műveletek",
  "all_servers_actions": "Összes Szerver Műveletek",
  "install_all_services": "Összes Telepítése",
  "start_all_services": "Összes Indítása",
  "stop_all_services": "Összes Leállítása",
  "no_servers_found": "Nincs szerver",
  "local_machine": "Local Machine",
  
  "community": "Közösség",
  "tickets": "Hibajegyek",
  "bug_report": "Hibabejelentő",
  "forum": "Fórum",
  "chat": "Chat",
  "create_ticket": "Új jegy létrehozása",
  "ticket_title": "Cím",
  "ticket_description": "Leírás",
  "ticket_category": "Kategória",
  "ticket_priority": "Prioritás",
  "ticket_status": "Státusz",
  "ticket_priority_critical": "Kritikus",
  "ticket_priority_high": "Magas",
  "ticket_priority_medium": "Közepes",
  "ticket_priority_low": "Alacsony",
  "ticket_priority_info": "Információ",
  "ticket_status_open": "Nyitott",
  "ticket_status_in_progress": "Folyamatban",
  "ticket_status_resolved": "Megoldva",
  "ticket_status_closed": "Lezárva",
  "ticket_status_reopened": "Újranyitva",
  "forum_categories": "Kategóriák",
  "forum_forums": "Fórumok",
  "forum_topics": "Topicok",
  "forum_posts": "Hozzászólások",
  "create_topic": "Új topic létrehozása",
  "topic_title": "Topic címe",
  "topic_content": "Tartalom",
  "pin_topic": "Rögzítés",
  "lock_topic": "Zárolás",
  "chat_channels": "Csatornák",
  "chat_messages": "Üzenetek",
  "send_message": "Üzenet küldése",
  "attach_file": "Fájl csatolása",
  "upload_image": "Kép feltöltése",
  "view": "Megtekintés",
  "create": "Létrehozás",
  "comments": "Hozzászólások",
  "add_comment": "Hozzászólás hozzáadása",
  "internal_comment": "Belső hozzászólás",
  "add_post": "Hozzászólás hozzáadása",
  "game_selection": "Játék Választása",
  "select_game": "Válassz játékot",
  "ark_survival_ascended": "ARK: Survival Ascended",
  "server_access": "Szerver hozzáférés",
  "select_servers_for_admin": "Válassz szervereket, amelyekhez az admin hozzáférhet"
}
