{
  "app_title": "ARK ASA Cluster Manager",
  "dashboard": "Dashboard",
  "cluster_control": "Cluster Control",
  "connection_settings": "Connection Settings",
  "settings": "Settings",
  "automation_management": "Automation Management",
  "manager_settings": "Manager Settings",
  "host": "Host",
  "port": "Port",
  "username": "Username",
  "password": "Password",
  "ssh_key_path": "SSH Key Path",
  "use_ssh_key": "Use SSH Key",
  "connect": "Connect to SSH",
  "disconnect": "Disconnect",
  "setup_ssh_key": "🔑 Setup SSH Key",
  "connected": "Connected",
  "disconnected": "Disconnected",
  "start": "Start ASA Server",
  "stop": "Stop ASA Server",
  "restart": "ASA Server Restart",
  "update": "Update",
  "manager_update": "Manager Update",
  "server_update": "ASA Server Update",
  "add_host": "Add Host",
  "add_ssh_connection": "Add New SSH Connection",
  "delete_ssh_connection": "Delete SSH Connection and data",
  "start_all": "Start All",
  "stop_all": "Stop All",
  "update_all": "Update All",
  "status": "Status",
  "online": "Online",
  "offline": "Offline",
  "busy": "Busy",
  "cpu_usage": "CPU Usage",
  "memory_usage": "Memory Usage",
  "port_info": "Port",
  "map_name": "Map",
  "day": "Day",
  "version": "Version",
  "ping": "Ping",
  "global_log": "Global Log",
  "reconnect": "Reconnect",
  "connection_lost": "Connection Lost",
  "saving": "Saving...",
  "loading": "Loading...",
  "error": "Error",
  "success": "Success",
  "discovering_servers": "Discovering servers...",
  "no_servers_found": "No servers found",
  "server_name": "Server Name",
  "connecting": "Connecting...",
  "connection_failed": "Connection failed",
  "servers_discovered": "servers discovered",
  "completed": "completed",
  "add_server": "Add New ASA Server",
  "remove_server": "Delete ASA Server",
  "server_directory": "Server Directory",
  "server_directory_path": "Server Directory Path",
  "add": "Add",
  "remove": "Remove",
  "cancel": "Cancel",
  "server_added": "Server added",
  "server_removed": "Server removed",
  "invalid_directory": "Invalid directory",
  "directory_not_found": "Directory not found",
  "pok_manager_not_found": "POK-manager.sh file not found in the specified directory",
  "cpu_usage": "CPU Usage",
  "memory_usage": "Memory Usage",
  "disk_usage": "Disk Usage",
  "network_download": "Download",
  "network_upload": "Upload",
  "cluster_management": "Cluster Management",
  "cluster_create": "Create Cluster",
  "cluster_delete": "Delete Cluster",
  "cluster_name": "Cluster Name",
  "cluster_name_placeholder": "E.g: Rexodon, Nexus, Elysium",
  "create": "Create",
  "cluster_created": "Cluster created",
  "cluster_create_error": "Error creating cluster",
  "rename": "Rename",
  "delete": "Delete",
  "rename_cluster": "Rename Cluster",
  "delete_cluster": "Delete Cluster",
  "cluster_rename_error": "Error renaming cluster",
  "cluster_delete_error": "Error deleting cluster",
  "cluster_deleted": "Cluster deleted",
  "cluster_renamed": "Cluster renamed",
  "new_cluster_name": "New cluster name",
  "add_server": "Add Server",
  "select_cluster": "Select Cluster",
  "server_folder_name": "Server Folder Name",
  "asa_port": "ASA Port",
  "rcon_port": "RCON Port",
  "battleeye": "BATTLEEYE",
  "api": "API",
  "rcon_enabled": "RCON_ENABLED",
  "display_pok_monitor_message": "DISPLAY_POK_MONITOR_MESSAGE",
  "random_startup_delay": "RANDOM_STARTUP_DELAY",
  "cpu_optimization": "CPU_OPTIMIZATION",
  "update_server": "UPDATE_SERVER",
  "enable_motd": "ENABLE_MOTD",
  "motd": "MOTD",
  "motd_duration": "MOTD_DURATION",
  "map_name": "MAP_NAME",
  "session_name": "SESSION_NAME",
  "server_admin_password": "SERVER_ADMIN_PASSWORD",
  "server_password": "SERVER_PASSWORD",
  "max_players": "MAX_PLAYERS",
  "show_admin_commands_in_chat": "SHOW_ADMIN_COMMANDS_IN_CHAT",
  "cluster_id": "CLUSTER_ID",
  "mod_ids": "MOD_IDS",
  "passive_mods": "PASSIVE_MODS",
  "custom_server_args": "CUSTOM_SERVER_ARGS",
  "mem_limit": "mem_limit",
  "running_setup": "Running setup...",
  "creating_instance_directory": "Creating instance directory...",
  "remove_server_warning": "Are you sure you want to delete this server?",
  "directory_path": "Directory Path",
  "delete_directory_warning": "The directory and all its contents will be deleted!",
  "directory_deleted": "Directory deleted",
  "delete_directory_error": "Error deleting directory",
  "live_logs": "Live Logs",
  "configuration": "Server Configuration Settings",
  "clear": "Clear",
  "close": "Close",
  "start_server_confirm": "Are you sure you want to start the server?",
  "pok_manager_path": "POK-manager.sh Path",
  "confirm": "Confirm",
  "scheduled_shutdown": "ASA Server Shutdown with Delay",
  "shutdown_time_minutes": "Shutdown time (minutes)",
  "shutdown_time_placeholder": "E.g: 30",
  "saving_world": "Saving world...",
  "shutdown_scheduled": "Scheduled shutdown set",
  "update_server_shutdown_delay": "Server Update with Scheduled Shutdown",
  "update_delay_after_shutdown": "After the update delay, the server will automatically restart.",
  "invalid_shutdown_time": "Invalid shutdown time. Please enter a positive number.",
  "update_server_confirmation": "Are you sure you want to update the server",
  "update_process_steps": "This will:",
  "update_process_steps_immediate": "This will (immediate update):",
  "immediate_update_note": "Note: No waiting time, the update will start immediately after the server stops.",
  "schedule_shutdown": "Schedule shutdown",
  "minutes": "minutes",
  "wait_for_shutdown": "Wait for shutdown to complete",
  "run_update_command": "Run the update command",
  "live_output": "you can watch the live output",
  "wait_before_restart": "Wait 10 minutes",
  "start_server_again": "Start the server again",
  "continue_question": "Do you want to continue?",
  "use_stop_instead_of_shutdown": "Use stop instead of shutdown",
  "use_stop_instead_of_shutdown_description": "If checked, the server will stop immediately (stop) instead of shutdown, then update. You can watch the process in the live log.",
  "stop_server": "Stop server",
  "stop_server_confirm": "Are you sure you want to stop the server?",
  "stopping_server": "Stopping server...",
  "server_stopped": "Server stopped",
  "checking_for_updates": "Checking for updates...",
  "update_available": "Update available",
  "update_required": "Update required",
  "current_version": "Current version",
  "latest_version": "Latest version",
  "downloading_update": "Downloading update...",
  "extracting_update": "Extracting update...",
  "backing_up_files": "Backing up files...",
  "applying_update": "Applying update...",
  "update_success": "Update successful, restarting...",
  "update_error": "Update error",
  "no_updates": "No updates available",
  "update_failed": "Update failed",
  "release_notes": "Release Notes:",
  "no_release_notes": "No release notes available",
  "pid": "PID",
  "pid_not_available": "-",
  "server_base_path": "Server Base Path",
  "refresh": "Refresh",
  "refreshing": "Refreshing...",
  "refresh_completed": "Refresh completed",
  "changelog": "Patch note from Update",
  "versions": "Versions",
  "select_version": "Select a version from the list",
  "docker_setup": "Docker Setup",
  "docker_setup_saved": "Docker setup saved successfully",
  "text_editor": "Text Editor",
  "config_saved_successfully": "Configuration saved successfully",
  "search": "Search",
  "find_next": "Find Next",
  "backup": "Backup",
  "backup_server": "Backup Server",
  "backup_confirm": "Are you sure you want to create a backup of this server?",
  "backup_created": "Backup created",
  "backup_error": "Backup error",
  "creating_backup": "Creating backup...",
  "notifications": "Notifications",
  "notification_server_started": "Server Started",
  "notification_server_stopped": "Server Stopped",
  "notification_shutdown_started": "Scheduled Shutdown Started",
  "notification_shutdown_completed": "Scheduled Shutdown Completed",
  "notification_no_unread": "No unread notifications",
  "notification_mark_all_read": "Mark all as read",
  "notification_clear_all": "Clear all",
  "add_admin": "Add Admin",
  "admin_management": "Admin Management",
  "admin_username": "Admin Username",
  "admin_password": "Admin Password",
  "admin_full_name": "Full Name",
  "admin_email": "Email",
  "admin_permissions": "Permissions",
  "permission_start": "Start Server",
  "permission_stop": "Stop Server",
  "permission_restart": "Restart Server",
  "permission_update": "Update Server",
  "permission_shutdown": "Shutdown Server",
  "permission_backup": "Backup Server",
  "permission_config": "Edit Configuration",
  "permission_live_logs": "Live Logs",
  "permission_docker_setup": "Docker Setup",
  "permission_add_server": "Add Server",
  "permission_remove_server": "Remove Server",
  "permission_cluster_management": "Cluster Management",
  "admin_created": "Admin created successfully",
  "admin_create_error": "Error creating admin",
  "admin_updated": "Admin updated successfully",
  "admin_update_error": "Error updating admin",
  "admin_deleted": "Admin deleted successfully",
  "admin_delete_error": "Error deleting admin",
  "delete_admin_confirm": "Are you sure you want to delete the admin '{0}'?",
  "deleted_admin": "Deleted admin",
  "edit_admin": "Edit Admin",
  "password_change_hint": "Leave empty if you don't want to change the password.",
  "cancel": "Cancel",
  "admin_list": "Admin List",
  "is_server_admin": "Server Admin",
  "server_admin": "Server Admin",
  "regular_user": "Regular User",
  "started_server": "Started server",
  "stopped_server": "Stopped server",
  "restarted_server": "Restarted server",
  "updated_server": "Updated server",
  "scheduled_shutdown_for": "Scheduled shutdown for server",
  "in_minutes": "in {0} minutes",
  "created_backup_for": "Created backup for server",
  "config_change": "Config change",
  "created_admin": "Created admin",
  "with_permissions": "with permissions",
  "fill_all_fields": "Please fill in all fields!",
  "password_min_length": "Password must be at least 4 characters long!",
  "database_connection_error": "Database connection failed. Please check your internet connection.",
  "invalid_credentials": "Invalid username or password!",
  "username_taken": "This username is already taken!",
  "registration_success": "Registration successful! You can now log in.",
  "username_required": "Username is required!",
  "full_name_required": "Full name is required!",
  "email_required": "Email address is required!",
  "invalid_email_format": "Invalid email address format!",
  "password_required": "Password is required!",
  "password_min_length_6": "Password must be at least 6 characters long!",
  "terms_acceptance_required": "You must accept the Terms and Conditions!",
  "registration_failed": "Registration failed!",
  "registration_error": "Registration error",
  "success": "Success",
  "manager_admin": "Manager Admin",
  "open_manager_admin": "Open Manager Admin",
  "license_management": "License Management",
  "user_management": "User Management",
  "ban_management": "Ban Management",
  "paypal_config": "PayPal Configuration",
  "license_generator": "License Generator",
  "license_code": "License Code",
  "license_type": "License Type",
  "max_clusters": "Max Clusters",
  "max_servers": "Max Servers",
  "max_admins": "Max Admins",
  "valid_from": "Valid From",
  "valid_until": "Valid Until",
  "is_active": "Is Active",
  "is_trial": "Is Trial",
  "generate_license": "Generate License",
  "license_generated": "License generated successfully",
  "ban_ip": "Ban IP Address",
  "ban_username": "Ban Username Pattern",
  "ip_address": "IP Address",
  "username_pattern": "Username Pattern",
  "ban_reason": "Reason",
  "banned_until": "Banned Until",
  "unban": "Unban",
  "banned_ips": "Banned IPs",
  "banned_usernames": "Banned Usernames",
  "save": "Save",
  "edit": "Edit",
  "delete": "Delete",
  "edit_license": "Edit License",
  "confirm_delete": "Confirm Delete",
  "license_updated": "License updated successfully",
  "license_deleted": "License deleted successfully",
  "validation_error": "Max clusters, servers, and admins must be non-negative numbers.",
  "user_license_overview": "User License Overview",
  "admin_count": "Admin Count",
  "server_count": "Server Count",
  "cluster_count": "Cluster Count",
  "search": "Search...",
  "user_profile": "Profile",
  "personal_information": "Personal Information",
  "phone_number": "Phone Number",
  "company_name": "Company Name",
  "change_password": "Change Password",
  "current_password": "Current Password",
  "new_password": "New Password",
  "confirm_new_password": "Confirm New Password",
  "passwords_do_not_match": "Passwords do not match!",
  "enter_current_password": "Please enter your current password!",
  "enter_new_password": "Please enter a new password!",
  "invalid_current_password": "Current password is incorrect!",
  "profile_updated": "Profile updated successfully!",
  "user_not_loaded": "User information not available.",
  "server_management": "Server Management",
  "edit_server": "Edit Server",
  "server_updated": "Server updated successfully",
  "server_deleted": "Server deleted successfully",
  "fill_required_fields": "Please fill in all required fields!",
  "invalid_port": "Port must be between 1 and 65535!",
  "news": "News",
  "patch_notes": "Patch Notes",
  "news_management": "News Management",
  "add_news": "Add News",
  "edit_news": "Edit News",
  "delete_news": "Delete News",
  "news_title": "Title",
  "news_content": "Content",
  "news_image": "Image",
  "news_category": "Category",
  "news_published": "Published",
  "upload_image": "Upload Image",
  "insert_image": "Insert Image",
  "news_deleted": "News deleted successfully",
  "success": "Success",
  "save": "Save",
  "cancel": "Cancel",
  "refresh": "Refresh",
  "close": "Close",
  "performance_data": "Performance Data",
  "disk_usage": "Disk Usage",
  "network_usage": "Network Usage",
  "network_download": "Download",
  "network_upload": "Upload",
  "global_settings": "Global Settings",
  "global_docker_settings": "Global Docker Settings",
  "global_game_ini_settings": "Global Game.ini Settings",
  "global_gameusersettings_ini_settings": "Global GameUserSettings.ini Settings",
  "global_docker_settings_description": "These settings will be updated in all server docker-compose files.",
  "global_ini_settings_description": "Select a source server to load the config file from its Default folder. Then it can be applied to all servers.",
  "global_docker_settings_confirm": "Are you sure you want to update all server docker settings?",
  "global_ini_settings_confirm": "Are you sure you want to update all server INI files?",
  "global_docker_settings_saved": "Global Docker settings saved successfully",
  "global_ini_settings_saved": "Global INI settings saved successfully",
  "processed_servers": "Processed servers",
  "processing": "Processing",
  "source_server": "Source server (read from Default folder)",
  "load_from_source": "Load from source server",
  "config_loaded": "Configuration loaded",
  "no_config_loaded": "No configuration loaded!",
  "default_folder_not_found": "Default folder not found or file is not readable.",
  "source_type": "Source type",
  "source_type_default": "Default folder",
  "source_type_live_server": "Live server config",
  "source_type_template": "Template",
  "template": "Template",
  "template_name": "Template name (for saving)",
  "save_template": "Save Template",
  "delete_template": "Delete Template",
  "save_to_all_servers": "Save to All Servers",
  "load": "Load",
  "template_name_required": "Please enter a template name!",
  "invalid_template_name": "Template name can only contain letters, numbers, underscores and hyphens!",
  "saving_template": "Saving template...",
  "template_saved": "Template saved successfully",
  "delete_template_confirm": "Are you sure you want to delete this template?",
  "template_deleted": "Template deleted successfully",
  "invalid_source": "Invalid source!",
  
  "_descriptions": "=== DETAILED DESCRIPTIONS ===",
  
  "battleeye_description": "Enables or disables the BattleEye anti-cheat system. When enabled, the server will be protected against cheaters. Example: TRUE = protected server, FALSE = no anti-cheat protection.",
  "api_description": "Enables or disables server API access. The API allows external applications to query server information. Example: TRUE = API available, FALSE = API disabled.",
  "rcon_enabled_description": "Enables or disables RCON (Remote Console) access. RCON allows you to run commands on the server remotely. Example: TRUE = RCON available (port: 27020), FALSE = RCON disabled.",
  "display_pok_monitor_message_description": "Shows or hides POK monitor messages on the server. These messages provide information about the server status. Example: TRUE = messages visible, FALSE = messages hidden.",
  "random_startup_delay_description": "Adds a random delay when starting the server. This helps prevent multiple servers from starting at the same time, which could cause load issues. Example: TRUE = 0-60 seconds random delay, FALSE = immediate start.",
  "cpu_optimization_description": "Enables CPU optimization for the server. This improves performance and reduces CPU load. Example: TRUE = optimized CPU usage, FALSE = default CPU usage.",
  "update_server_description": "Enables or disables automatic server updates. When enabled, the server will automatically update when a new version is available. Example: TRUE = automatic updates enabled, FALSE = manual updates required.",
  "enable_motd_description": "Enables or disables MOTD (Message of the Day) display. MOTD is a message that appears to players when they connect to the server. Example: TRUE = MOTD displayed, FALSE = no MOTD.",
  "show_admin_commands_in_chat_description": "Shows or hides admin commands in chat. When enabled, all admin commands will be visible in chat. Example: TRUE = admin commands visible, FALSE = admin commands hidden.",
  "motd_description": "The MOTD (Message of the Day) text that appears to players when they connect to the server. Example: 'Welcome to Rexodon Cluster!', 'Welcome to our server!'",
  "motd_duration_description": "The duration of MOTD display in seconds. This determines how long the message remains visible. Example: 30 = 30 seconds, 60 = 1 minute, 120 = 2 minutes.",
  "max_players_description": "The maximum number of players that can play on the server simultaneously. This number cannot exceed the limit allowed by the server license. Example: 30 = max 30 players, 50 = max 50 players, 100 = max 100 players.",
  "custom_server_args_description": "Custom server arguments used when starting the server. These parameters modify server behavior. Example: '-NoTiledGPU -useallavailablecores -lowmemory' = GPU optimization, use all CPU cores, low memory mode.",
  "mem_limit_description": "The Docker container memory limit. This determines how much memory the server can use. Example: '20G' = 20 GB, '32G' = 32 GB, '16G' = 16 GB. Important: don't set too low, as the server may crash.",
  
  "global_docker_settings_description": "These settings will be updated in all server docker-compose files. Changes apply to all servers at once. Warning: This overwrites individual server settings!",
  "global_ini_settings_description": "Select a source type and load the config file. Then you can modify and apply it to all servers. You can use Default folder, live server config, or saved template.",
  
  "connection_settings_description": "SSH connection settings for connecting to the remote server. Host is the IP address or domain name, Port is usually 22, Username is the server username.",
  "host_description": "The remote server IP address or domain name. Example: '192.168.1.100', 'server.example.com', '116.203.226.140'",
  "port_description": "The SSH port number. Default port is 22. Only change if the server runs on a different port. Example: 22 = default, 2222 = custom port.",
  "username_description": "The username used to connect to the server via SSH. Example: 'root', 'admin', 'zedinke'",
  "password_description": "The SSH password for connecting to the server. Alternative: you can also use an SSH key instead of a password.",
  "ssh_key_path_description": "The path to the SSH private key file. SSH keys are more secure than passwords. Example: 'C:\\Users\\username\\.ssh\\id_rsa', '/home/user/.ssh/id_rsa'",
  "use_ssh_key_description": "When checked, you use an SSH key instead of a password. This is more secure and convenient, as you don't need to enter a password every time.",
  
  "server_directory_description": "The path to the server folder on the remote machine. This folder contains server files and configurations. Example: '/home/zedinke/asa_server/server1', '/opt/ark/server'",
  "server_base_path_description": "The base path for servers. This is the folder where all server folders are located. Example: '/home/zedinke/asa_server', '/opt/ark'",
  
  "cluster_management_description": "Cluster management. Clusters allow multiple servers to work together, and players can transfer between them.",
  "cluster_name_description": "The cluster name. This identifies the cluster and will be visible to players. Example: 'Rexodon', 'Nexus', 'Elysium'",
  "cluster_id_description": "The unique cluster identifier. This number identifies the cluster in the game. Example: '1234567890', '9876543210'",
  
  "docker_setup_description": "Configure Docker settings for a server. These settings determine how the server runs in a Docker container.",
  "asa_port_description": "The ARK Survival Ascended server port. This is the port on which the server communicates with players. Example: 7777, 7778, 7779. Important: each server needs a unique port!",
  "rcon_port_description": "The RCON (Remote Console) port. This port is used to run commands on the server remotely. Example: 27020, 27021, 27022. Important: each server needs a unique RCON port!",
  "map_name_description": "The map name on which the server runs. Example: 'TheIsland', 'ScorchedEarth', 'Aberration', 'Extinction'",
  "session_name_description": "The server session name. This name appears in the server list. Example: 'Rexodon PvP', 'Nexus PvE', 'Elysium Cluster'",
  "server_admin_password_description": "The admin password for the server. This password is used to gain admin privileges in the game. Example: 'MySecurePassword123'",
  "server_password_description": "The server password. When set, only players with the password can connect. Leave empty for anyone to connect. Example: 'ServerPassword123'",
  "mod_ids_description": "The IDs of installed mods, separated by commas. These mods will automatically download when players connect. Example: '123456789,987654321,555555555'",
  "passive_mods_description": "The IDs of passive mods, separated by commas. These mods don't appear in the server list but are active. Example: '111111111,222222222'",
  
  "config_editor_description": "Edit server configuration files (Game.ini, GameUserSettings.ini). Here you can modify server settings such as taming speed, XP multiplier, etc.",
  "game_ini_description": "The Game.ini file contains server game settings such as taming speed, XP multiplier, dino statistics, etc.",
  "gameusersettings_ini_description": "The GameUserSettings.ini file contains server user settings such as maximum player count, server password, etc.",
  
  "backup_description": "Create a backup of the server. This saves server files, configurations, and saves. The backup can be restored if something goes wrong.",
  "scheduled_shutdown_description": "Schedule a shutdown. The server will shut down after a specified time and save the world. This is useful before updates or maintenance.",
  "shutdown_time_minutes_description": "The shutdown time in minutes. This determines how long until the server shuts down. Example: 30 = 30 minutes, 60 = 1 hour, 120 = 2 hours.",
  
  "admin_management_description": "Manage admin users. Here you can add, edit, or delete admin users and set their permissions.",
  "admin_username_description": "The admin username. This name is used for login. Example: 'admin', 'serveradmin', 'manager'",
  "admin_password_description": "The admin password. The password must be at least 4 characters long. Example: 'SecurePass123'",
  "admin_full_name_description": "The admin full name. This name appears in notifications and logs. Example: 'John Smith', 'Kovács János'",
  "admin_email_description": "The admin email address. This is useful for notifications and contact. Example: 'admin@example.com'",
  "admin_permissions_description": "Admin permissions. Here you can select what actions the admin can perform. Example: Start Server, Stop Server, Edit Config, etc.",
  
  "performance_data_description": "Display server performance data. Here you can see CPU, memory, disk, and network usage in real-time.",
  "cpu_usage_description": "CPU usage percentage. This shows how loaded the processor is. Example: 50% = medium load, 90% = high load, 100% = maximum load.",
  "memory_usage_description": "Memory usage percentage. This shows how much memory the server is using. Example: 60% = 12 GB / 20 GB, 80% = 16 GB / 20 GB.",
  "disk_usage_description": "Disk usage percentage. This shows how much storage the server is using. Example: 70% = 700 GB / 1000 GB.",
  "network_download_description": "Network download speed. This shows how much data the server downloads per second. Example: 10 MB/s, 50 MB/s, 100 MB/s.",
  "network_upload_description": "Network upload speed. This shows how much data the server uploads per second. Example: 5 MB/s, 25 MB/s, 50 MB/s.",
  
  "notifications_description": "Display notifications about server events. Here you can see when a server starts, stops, updates, etc.",
  "notification_server_started_description": "Notification when a server starts. This appears when someone starts the server.",
  "notification_server_stopped_description": "Notification when a server stops. This appears when someone stops the server.",
  "notification_shutdown_started_description": "Notification when a scheduled shutdown starts. This appears when a scheduled shutdown is activated.",
  "notification_shutdown_completed_description": "Notification when a scheduled shutdown completes. This appears when the server has stopped after a scheduled shutdown.",
  
  "dashboard_description": "The dashboard provides an overview of all servers. Here you can see server status, performance, and most important information.",
  "cluster_control_description": "Cluster control. Here you can start, stop, or update all servers at once.",
  "start_all_description": "Start all servers at once. This is useful when you want to start all servers simultaneously.",
  "stop_all_description": "Stop all servers at once. This is useful when you want to stop all servers simultaneously, for example for maintenance.",
  "update_all_description": "Update all servers at once. This is useful when you want to update all servers to a new version simultaneously.",
  
  "live_logs_description": "Display live logs from the server. Here you can see server output in real-time as events happen.",
  "text_editor_description": "Text editor for direct editing of configuration files. Here you can modify files as text if you don't want to use the graphical editor.",
  
  "user_profile_description": "Manage user profile. Here you can modify your personal information, password, and other settings.",
  "change_password_description": "Change password. Here you can change your password to a new, more secure password. The password must be at least 6 characters long.",
  "current_password_description": "The current password. You need to enter this password to confirm you are the account owner.",
  "new_password_description": "The new password. This will be your new password for login. The password must be at least 6 characters long.",
  "confirm_new_password_description": "Confirm the new password. This must contain the same password as the new password field.",
  
  "manager_admin_description": "Manager Admin interface. Here you can manage licenses, users, bans, and PayPal settings.",
  "license_management_description": "License management. Here you can generate, edit, or delete licenses for users.",
  "user_management_description": "User management. Here you can manage all users, view their license information, and modify their data.",
  "ban_management_description": "Ban management. Here you can ban IP addresses or username patterns and unban them.",
  "paypal_config_description": "PayPal settings. Here you can configure PayPal integration for payments.",
  
  "license_code_description": "The unique license code. This code identifies the license. Example: 'LIC-ABC123-XYZ789'",
  "license_type_description": "The license type. This determines what type of license it is. Example: 'Standard', 'Premium', 'Enterprise'",
  "max_clusters_description": "The maximum number of clusters allowed by this license. Example: 5 = max 5 clusters, 10 = max 10 clusters, -1 = unlimited.",
  "max_servers_description": "The maximum number of servers allowed by this license. Example: 20 = max 20 servers, 50 = max 50 servers, -1 = unlimited.",
  "max_admins_description": "The maximum number of admins allowed by this license. Example: 10 = max 10 admins, 25 = max 25 admins, -1 = unlimited.",
  "valid_from_description": "The license validity start date. The license is valid from this date. Example: '2024-01-01'",
  "valid_until_description": "The license validity end date. The license is valid until this date. Example: '2024-12-31'",
  "is_active_description": "Whether the license is active. When checked, the license is active and usable. When unchecked, the license is inactive.",
  "is_trial_description": "Whether the license is a trial. When checked, this is a trial license that is valid for a limited time. Example: TRUE = 7-day trial, FALSE = full license.",
  
  "ban_ip_description": "Ban IP address. Here you can add IP addresses that you want to ban from the system. Example: '192.168.1.100', '10.0.0.50'",
  "ban_username_description": "Ban username pattern. Here you can add username patterns (e.g. regex) that you want to ban. Example: '.*cheater.*', '.*hacker.*'",
  "ban_reason_description": "The reason for the ban. This information helps understand why someone was banned. Example: 'Cheating', 'Toxic behavior', 'Spam'",
  "banned_until_description": "The ban end date. The ban is valid until this date. If empty, the ban is permanent. Example: '2024-12-31'",
  
  "news_management_description": "Manage news. Here you can add, edit, or delete news that appears on the dashboard.",
  "news_title_description": "The news title. This appears in the news header. Example: 'New update available!', 'Server maintenance'",
  "news_content_description": "The news content. Here you can write the news in detail. You can also use HTML formatting. Example: 'We are pleased to announce that...'",
  "news_category_description": "The news category. This helps categorize news. Example: 'Update', 'Maintenance', 'Event', 'General'",
  "news_published_description": "Whether the news is published. When checked, the news will be visible on the dashboard. When unchecked, the news remains as a draft.",
  
  "refresh_description": "Refresh. This refreshes the server list and information. Useful when changes have occurred on the servers.",
  "close_description": "Close. This closes the current window or panel.",
  "save_description": "Save. This saves your changes. Important: always save your changes before closing the window!",
  "cancel_description": "Cancel. This cancels the operation and does not save changes.",
  "add_description": "Add. This adds a new item (server, admin, etc.) to the list.",
  "remove_description": "Remove. This removes an item from the list. Warning: this is a permanent action!",
  "edit_description": "Edit. This allows you to modify an existing item.",
  "delete_description": "Delete. This permanently deletes an item. Warning: this cannot be undone!",
  "confirm_description": "Confirm. This confirms that you want to continue with the operation.",
  
  "search_description": "Search. Here you can search in the list or configuration. Useful when there are many items and you want to find something quickly.",
  "find_next_description": "Find next match. This finds the next match in the search results.",
  
  "add_server_description": "Add a new ARK Survival Ascended server to the system. Here you can provide all necessary information to create the server.",
  "select_cluster_description": "Select a cluster that the server belongs to. Clusters allow multiple servers to work together. Example: 'Rexodon', 'Nexus', 'Elysium'",
  "server_folder_name_description": "The name of the server folder. This name identifies the server folder in the file system. Example: 'server1', 'aberration_server', 'pvp_island'",
  "used_ports_description": "List of currently used ports. This helps avoid port conflicts. Each server needs a unique port.",
  "asa_port_description": "The ARK Survival Ascended server port. This is the port on which the server communicates with players. Example: 7777, 7778, 7779. Important: each server needs a unique port!",
  "rcon_port_description": "The RCON (Remote Console) port. Through this port you can run commands remotely on the server. Example: 27020, 27021, 27022. Important: each server needs a unique RCON port!",
  "map_name_description": "The name of the map on which the server runs. You can select from the dropdown or enter a custom map name. Example: 'TheIsland', 'ScorchedEarth', 'Aberration', 'Extinction'",
  "session_name_description": "The server session name. This name appears in the server list for players. Example: 'Rexodon PvP', 'Nexus PvE', 'Elysium Cluster'",
  "server_admin_password_description": "The admin password for the server. With this password you can gain admin privileges in the game. Example: 'MySecurePassword123'",
  "server_password_description": "The server password. If set, only players with the password can connect. If left empty, anyone can connect. Example: 'ServerPassword123'",
  "mod_ids_description": "The IDs of installed mods, separated by commas. These mods will be automatically downloaded when players connect. Example: '123456789,987654321,555555555'",
  "passive_mods_description": "The IDs of passive mods, separated by commas. These mods do not appear in the server list but work. Example: '111111111,222222222'",
  "docker_setup_description": "Configure Docker settings for a server. These settings determine how the server runs in a Docker container.",
  "create_description": "Create. This creates the new server with the specified settings. Warning: this is a permanent action, and the server folder will be created on the remote machine!",
  
  "login_description": "Login to the system. Here you can enter your username and password for access.",
  "register_description": "Register as a new user. Here you can create a new account for the system.",
  "username_description": "The username you use to log in. This must be unique in the system. Example: 'admin', 'serveradmin', 'manager'",
  "password_description": "The password for login. The password must be at least 6 characters long. Example: 'SecurePass123'",
  "full_name_description": "Your full name. This name appears in notifications and logs. Example: 'John Smith', 'Jane Doe'",
  "email_description": "Your email address. This is useful for notifications and contact. Example: 'user@example.com'",
  "terms_acceptance_description": "Acceptance of the Terms and Conditions. You must accept the terms to register.",
  "login_failed_description": "Login failed. Check your username and password!",
  
  "connection_settings_description": "SSH connection settings for connecting to the remote server. Host is the IP address or domain name, Port is usually 22, Username is the server username.",
  "saved_servers_description": "List of saved servers. Here you can select previously saved server settings.",
  "server_name_description": "The server name. This identifies the server among saved servers. Example: 'Production Server', 'Test Server', 'Development'",
  "generate_ssh_key_description": "Generate and automatically install an SSH key on the server. This is more secure than using a password.",
  "browse_ssh_key_description": "Select an SSH key file from the local machine. Choose a .pem or .key file.",
  
  "cluster_management_description": "Manage clusters. Clusters allow multiple servers to work together, and players can transfer between them.",
  "create_cluster_description": "Create a new cluster. The cluster name must be unique. Example: 'Rexodon', 'Nexus', 'Elysium'",
  "rename_cluster_description": "Rename a cluster. This changes the cluster name. Note: this does not modify the cluster ID!",
  "delete_cluster_description": "Delete a cluster. This permanently deletes the cluster. Warning: this does not delete the servers belonging to the cluster!",
  
  "source_type_default_description": "Loads the configuration from the selected server's 'defaults' folder. This contains the server's default settings.",
  "source_type_live_server_description": "Loads the configuration from a live server's current, running configuration file. This allows you to modify current settings.",
  "source_type_template_description": "Loads a previously saved configuration template. These templates can be reused for different events or quick settings.",
  "template_name_description": "The template name. This identifies the template. It can only contain letters, numbers, underscores, and hyphens. Example: 'Carnival', 'Event_2024', 'PvP_Config'",
  "save_template_description": "Save template. This saves the current configuration as a template that you can reuse later.",
  "delete_template_description": "Delete template. This permanently deletes the template from the server. Warning: this cannot be undone!",
  "load_template_description": "Load template. This loads the selected template, which you can then modify and apply to all servers.",
  "select_source_server_warning": "Please select a source server!",
  "select_template_warning": "Please select a template!",
  "error_loading_config": "Error loading configuration",
  "warning": "Warning",
  "language": "Language",
  "language_selector": "Language Selector",
  "hungarian": "Magyar",
  "english": "English",
  "login": "Login",
  "register": "Register",
  "remember_me": "Remember me (72 hours)",
  "view_terms": "View Terms",
  "registration_success": "Registration successful! You can now log in.",
  
  "automation_management": "Automation Management",
  "automation_schedules": "Automation Schedules",
  "create_automation_schedule": "New Schedule",
  "schedule_name": "Schedule Name",
  "schedule_name_required": "Schedule name is required",
  "automation_type": "Automation Type",
  "all_servers": "Apply to All Servers",
  "select_servers": "Select Servers",
  "schedule_settings": "Schedule Settings",
  "schedule_frequency": "Frequency",
  "schedule_time": "Time (HH:MM)",
  "email_notifications": "Email Notifications",
  "email_recipients": "Email Recipients",
  "notify_on_events": "Notify on Events",
  "notify_on_backup": "Notify on Backup",
  "notify_on_restart": "Notify on Restart",
  "notify_on_update": "Notify on Update",
  "notify_on_shutdown": "Notify on Shutdown",
  "notify_on_error": "Notify on Error",
  "notify_on_health_check_failure": "Notify on Health Check Failure",
  "apply_schedule": "Apply",
  "schedule_applied_successfully": "Schedule applied successfully",
  "delete_schedule_confirm": "Are you sure you want to delete this schedule?",
  "invalid_email_format": "Invalid email format",
  "email_notifications_enabled": "Automatic email notifications enabled",
  
  "boss_loot_manager": "Boss Loot Manager",
  "cave_loot_manager": "Cave Loot Manager",
  "loot_multiplier": "Loot Multiplier",
  "duration_days": "Duration (days)",
  "duration_hours": "Duration (hours)",
  "select_servers_loot": "Select Servers",
  "all_servers_loot": "All Servers",
  "active_loot_configs": "Active Loot Configs",
  "expires_at": "Expires At",
  "activate_at": "Activate At",
  "loot_type": "Loot Type",
  "boss": "Boss",
  "cave": "Cave",
  "boss_name": "Boss Name",
  "difficulty": "Difficulty",
  "gamma": "Gamma",
  "beta": "Beta",
  "alpha": "Alpha",
  "cave_tier": "Cave Tier",
  "tier_1": "Tier 1",
  "tier_2": "Tier 2",
  "tier_3": "Tier 3",
  "map_name": "Map Name",
  "config_name": "Config Name",
  "config_name_placeholder": "E.g: Double Boss Loot Weekend",
  "create_loot_config": "Create Loot Config",
  "save_loot_config": "Save",
  "preview_config": "Preview",
  "delete_loot_config": "Delete",
  "delete_loot_config_confirm": "Are you sure you want to delete this loot config?",
  "loot_config_created": "Loot config created",
  "loot_config_deleted": "Loot config deleted",
  "loot_config_applied": "Loot config applied",
  "loot_config_removed": "Loot config removed",
  "loot_config_expired": "Loot config expired",
  "loot_config_activated": "Loot config activated",
  "invalid_multiplier": "Invalid multiplier value (1.0-10.0)",
  "invalid_duration": "Invalid duration. Please provide days or hours.",
  "no_servers_selected": "No servers selected",
  "no_loot_type_selected": "No loot type selected",
  "no_loot_selected": "Please select at least one boss or cave",
  "conflict_detected": "Conflict detected: configuration already exists for this container tag",
  "server_offline_warning": "Warning: Server is offline, config will only take effect when server starts",
  "backup_created": "Backup created",
  "rollback_successful": "Rollback successful",
  "preview_config_title": "Loot Config Preview",
  "preview_config_line": "Game.ini line:",
  "preview_applied_servers": "Applied servers:",
  "preview_expires_at": "Expires at:",
  "history": "History",
  "loot_config_history": "Loot Config History",
  "action": "Action",
  "details": "Details",
  "template_save": "Save Template",
  "template_load": "Load Template",
  "template_name": "Template Name",
  "template_description": "Template Description",
  "template_saved": "Template saved",
  "template_updated": "Template updated",
  "template_loaded": "Template loaded",
  "template_deleted": "Template deleted",
  "delete_template_confirm": "Are you sure you want to delete this template?",
  "templates": "Templates",
  "description": "Description",
  "created_at": "Created At",
  "batch_select_all_gamma": "All Gamma Bosses",
  "batch_select_all_beta": "All Beta Bosses",
  "batch_select_all_alpha": "All Alpha Bosses",
  "batch_select_all_tier1": "All Tier 1 Caves",
  "batch_select_all_tier2": "All Tier 2 Caves",
  "batch_select_all_tier3": "All Tier 3 Caves",
  "loot_items": "Loot Items",
  "item_class_string": "Item BP Name (ItemClassString)",
  "min_quantity": "Min Quantity",
  "max_quantity": "Max Quantity",
  "min_quality": "Min Quality",
  "max_quality": "Max Quality",
  "item_weight": "Item Weight",
  "items_multiplier": "Items Multiplier",
  "chance_blueprint": "Blueprint Chance",
  "force_blueprint": "Force Blueprint",
  "preview_changes": "Preview Changes",
  "config_lines_preview": "Config file lines to be written:",
  "config_lines_note": "Note: These lines will be inserted into the Game.ini file. On expiration, the TemporaryLootSchedulerService will automatically remove them and restart the server.",
  "scheduler_info_title": "Automatic expiration handling:",
  "scheduler_info_note": "Note: The TemporaryLootSchedulerService runs as a background service in the application, checking expiration every minute. No crontab entry is required.",
  "per_server_loot": "Per Server",
  "preview_config_title": "Loot Config Preview",
  "preview_config_header": "The following changes will be applied to Game.ini files:",
  "config_changes_title": "Config Changes:",
  "boss_or_cave_name": "Boss/Cave",
  "action": "Action",
  "add": "Add",
  "modify": "Modify",
  "no_change": "No Change",
  "cancel": "Cancel",
  "apply": "Apply",
  "loot_settings_tab": "Loot Settings",
  "boss_damage_settings_tab": "Boss Damage Settings",
  "boss_damage_settings_title": "Boss Damage Settings",
  "boss_hp_multiplier": "Boss HP Multiplier",
  "boss_hp_multiplier_description": "Multiplier for boss health. 1.0 = default, 2.0 = double HP, 0.5 = half HP.",
  "boss_damage_multiplier": "Boss Damage Multiplier",
  "boss_damage_multiplier_description": "Multiplier for damage dealt by bosses. 1.0 = default, 2.0 = double damage, 0.5 = half damage.",
  "boss_resistance_multiplier": "Boss Resistance Multiplier",
  "boss_resistance_multiplier_description": "Multiplier for damage taken by bosses (inverse logic). 1.0 = default, 2.0 = takes double damage (weaker defense), 0.5 = takes half damage (stronger defense).",
  "link_to_loot_events": "Link to Loot Events",
  "link_boss_damage_to_loot": "Link Boss Damage to Loot Events",
  "link_boss_damage_to_loot_description": "If checked, harder bosses (higher damage) will automatically give more loot.",
  "apply_boss_damage_settings": "Apply Boss Damage Settings",
  "itemset_settings": "ItemSet Settings",
  "min_num_items": "Min Number of Items (MinNumItems)",
  "max_num_items": "Max Number of Items (MaxNumItems)",
  "num_items_to_select": "Number of Items to Select (NumItemsToSelect)",
  "itemset_weight": "ItemSet Weight (ItemSetWeight)",
  
  "breeding_navigation_title": "Mating and Breeding",
  "breeding_settings_title": "Mating and Breeding Settings",
  "breeding_profile_vanilla": "Vanilla",
  "breeding_profile_fast": "Fast Breeding",
  "breeding_profile_instant": "Instant",
  "breeding_profile_custom": "Custom Profile",
  "breeding_profile_save": "Save Profile",
  "breeding_profile_delete": "Delete Profile",
  "breeding_profile_description": "Profile description",
  "breeding_speed_group": "Speed (Speed Multipliers)",
  "breeding_imprint_group": "Imprint Mathematics",
  "breeding_food_group": "Food Consumption",
  "breeding_mating_interval": "MatingIntervalMultiplier",
  "breeding_egg_hatch": "EggHatchSpeedMultiplier",
  "breeding_baby_mature": "BabyMatureSpeedMultiplier",
  "breeding_cuddle_interval": "BabyCuddleIntervalMultiplier",
  "breeding_grace_period": "BabyCuddleGracePeriodMultiplier",
  "breeding_lose_imprint": "BabyCuddleLoseImprintQualitySpeedMultiplier",
  "breeding_imprint_amount": "BabyImprintAmountMultiplier",
  "breeding_food_consumption": "BabyFoodConsumptionSpeedMultiplier",
  "breeding_one_click_100": "1-Click 100% Imprint",
  "breeding_validation_errors": "Validation Errors and Warnings",
  "breeding_auto_fix": "Auto-Fix Settings",
  "breeding_dino_preview": "Dino Preview Calculator",
  "breeding_dino_list": "Dino List",
  "breeding_dino_mature_time": "Maturation time",
  "breeding_dino_cuddle_interval": "Imprint interval",
  "breeding_dino_imprint_count": "Imprint count",
  "breeding_dino_can_achieve_100": "100% Imprint achievable",
  "breeding_apply_mode": "Application Mode",
  "breeding_apply_global": "Global (All servers)",
  "breeding_apply_per_server": "Per Server",
  "breeding_apply_global_button": "Apply Globally",
  "breeding_apply_server_button": "Apply to Selected Server",
  "breeding_load_from_server": "Load Settings from Server",
  "breeding_never_100_error": "Never 100% Imprint Error: The dino will mature before the first imprint is available.",
  "breeding_high_hatch_warning": "With high hatch speed, it is recommended to reduce BabyFoodConsumptionSpeedMultiplier to 0.2 or lower!",
  "breeding_imprint_percent_warning": "Only {0}% imprint achievable with current settings.",
  "breeding_settings_applied": "Settings applied successfully",
  "breeding_settings_applied_count": "Settings applied to {0}/{1} servers.",
  "breeding_profile_saved": "Profile saved successfully",
  "breeding_profile_deleted": "Profile deleted successfully",
  "breeding_profile_delete_confirm": "Are you sure you want to delete the '{0}' profile?",
  "breeding_profile_name_required": "Please provide a profile name!",
  "breeding_profile_name_invalid": "Profile name can only contain letters, numbers, underscores and hyphens!",
  "breeding_settings_loaded": "Settings loaded successfully",
  "breeding_apply_global_confirm": "Are you sure you want to apply settings to all servers ({0} servers)?",
  
  "cluster_chat": "Cluster Chat",
  "server_display_name": "Server Display Name",
  "server_configuration": "Server Configuration",
  "service_management": "Service Management",
  "install_service": "Install Service",
  "start_service": "Start Service",
  "stop_service": "Stop Service",
  "delete_service": "Delete Service",
  "discord_webhook_url": "Discord Webhook URL",
  "log_file_path": "Log File Path",
  "cluster_chat_migration_running": "Running database migration...",
  "cluster_chat_migration_completed": "Migration completed",
  "cluster_chat_migration_file_not_found": "Migration file not found",
  "installing_service": "Installing service...",
  "starting_service": "Starting service...",
  "stopping_service": "Stopping service...",
  "deleting_service": "Deleting service...",
  "service_installed": "Service installed",
  "service_started": "Service started",
  "service_stopped": "Service stopped",
  "service_deleted": "Service deleted",
  "service_install_failed": "Service installation failed",
  "service_start_failed": "Service start failed",
  "service_stop_failed": "Service stop failed",
  "service_delete_failed": "Service deletion failed",
  "service_status": "Service Status",
  "status_auto_refresh": "Auto refresh: every 2 seconds",
  "no_server_selected": "No server selected",
  "terminal_output": "Terminal Output",
  "clear": "Clear",
  "single_server_actions": "Single Server Actions",
  "all_servers_actions": "All Servers Actions",
  "install_all_services": "Install All",
  "start_all_services": "Start All",
  "stop_all_services": "Stop All",
  "no_servers_found": "No servers found",
  "local_machine": "Local Machine",
  
  "community": "Community",
  "tickets": "Tickets",
  "bug_report": "Bug Report",
  "forum": "Forum",
  "chat": "Chat",
  "create_ticket": "Create New Ticket",
  "ticket_title": "Title",
  "ticket_description": "Description",
  "ticket_category": "Category",
  "ticket_priority": "Priority",
  "ticket_status": "Status",
  "ticket_priority_critical": "Critical",
  "ticket_priority_high": "High",
  "ticket_priority_medium": "Medium",
  "ticket_priority_low": "Low",
  "ticket_priority_info": "Info",
  "ticket_status_open": "Open",
  "ticket_status_in_progress": "In Progress",
  "ticket_status_resolved": "Resolved",
  "ticket_status_closed": "Closed",
  "ticket_status_reopened": "Reopened",
  "forum_categories": "Categories",
  "forum_forums": "Forums",
  "forum_topics": "Topics",
  "forum_posts": "Posts",
  "create_topic": "Create New Topic",
  "topic_title": "Topic Title",
  "topic_content": "Content",
  "pin_topic": "Pin",
  "lock_topic": "Lock",
  "chat_channels": "Channels",
  "chat_messages": "Messages",
  "send_message": "Send Message",
  "attach_file": "Attach File",
  "upload_image": "Upload Image",
  "view": "View",
  "create": "Create",
  "comments": "Comments",
  "add_comment": "Add Comment",
  "internal_comment": "Internal Comment",
  "add_post": "Add Post",
  "game_selection": "Select Game",
  "select_game": "Select a game",
  "ark_survival_ascended": "ARK: Survival Ascended",
  "server_access": "Server Access",
  "select_servers_for_admin": "Select servers that the admin can access"
}
