{
  "app_title": "ARK ASA Cluster Manager",
  "dashboard": "Irányítópult",
  "cluster_control": "Klaszter Vezérlés",
  "connection_settings": "Kapcsolat Beállítások",
  "host": "Host",
  "port": "Port",
  "username": "Felhasználónév",
  "password": "Jelszó",
  "ssh_key_path": "SSH Kulcs Útvonal",
  "use_ssh_key": "SSH Kulcs Használata",
  "connect": "Kapcsolódás",
  "disconnect": "Kapcsolat Bontása",
  "connected": "Kapcsolódva",
  "disconnected": "Nincs Kapcsolat",
  "start": "Indítás",
  "stop": "Leállítás",
  "restart": "Újraindítás",
  "update": "Frissítés",
  "manager_update": "Manager Update",
  "server_update": "Server Update",
  "add_host": "Add Host",
  "start_all": "Összes Indítása",
  "stop_all": "Összes Leállítása",
  "update_all": "Összes Frissítése",
  "status": "Státusz",
  "online": "Online",
  "offline": "Offline",
  "busy": "Foglalt",
  "cpu_usage": "CPU Használat",
  "memory_usage": "Memória Használat",
  "port_info": "Port",
  "map_name": "Térkép",
  "day": "Nap",
  "version": "Verzió",
  "ping": "Ping",
  "global_log": "Globális Napló",
  "reconnect": "Újracsatlakozás",
  "connection_lost": "A kapcsolat megszakadt",
  "saving": "Mentés...",
  "loading": "Betöltés...",
  "error": "Hiba",
  "success": "Sikeres",
  "discovering_servers": "Szerverek felderítése...",
  "no_servers_found": "Nem található szerver",
  "server_name": "Szerver Név",
  "connecting": "Kapcsolódás...",
  "connection_failed": "Kapcsolódás sikertelen",
  "servers_discovered": "szerver található",
  "completed": "befejezve",
  "add_server": "Szerver Hozzáadása",
  "remove_server": "Szerver Törlése",
  "server_directory": "Szerver Könyvtár",
  "server_directory_path": "Szerver Könyvtár Útvonal",
  "add": "Hozzáadás",
  "remove": "Törlés",
  "cancel": "Mégse",
  "save": "Mentés",
  "server_added": "Szerver hozzáadva",
  "server_removed": "Szerver törölve",
  "invalid_directory": "Érvénytelen könyvtár",
  "directory_not_found": "A könyvtár nem található",
  "pok_manager_not_found": "A POK-manager.sh fájl nem található a megadott könyvtárban",
  "cpu_usage": "CPU Használat",
  "memory_usage": "Memória Használat",
  "disk_usage": "Tárhely Használat",
  "network_download": "Letöltés",
  "network_upload": "Feltöltés",
  "cluster_management": "Cluster Kezelése",
  "cluster_create": "Cluster létrehozás",
  "cluster_delete": "Cluster törlés",
  "cluster_name": "Cluster neve",
  "cluster_name_placeholder": "Pl: Rexodon, Nexus, Elysium",
  "create": "Létrehozás",
  "cluster_created": "Cluster létrehozva",
  "cluster_create_error": "Hiba a cluster létrehozásakor",
  "rename": "Név módosítás",
  "delete": "Törlés",
  "rename_cluster": "Cluster átnevezése",
  "delete_cluster": "Cluster törlése",
  "cluster_rename_error": "Hiba a cluster átnevezésekor",
  "cluster_delete_error": "Hiba a cluster törlésekor",
  "cluster_deleted": "Cluster törölve",
  "cluster_renamed": "Cluster átnevezve",
  "new_cluster_name": "Új cluster név",
  "add_server": "Szerver Hozzáadása",
  "select_cluster": "Cluster kiválasztása",
  "server_folder_name": "Server mappa neve",
  "asa_port": "ASA Port",
  "rcon_port": "RCON Port",
  "battleeye": "BATTLEEYE",
  "api": "API",
  "rcon_enabled": "RCON_ENABLED",
  "display_pok_monitor_message": "DISPLAY_POK_MONITOR_MESSAGE",
  "random_startup_delay": "RANDOM_STARTUP_DELAY",
  "cpu_optimization": "CPU_OPTIMIZATION",
  "update_server": "UPDATE_SERVER",
  "enable_motd": "ENABLE_MOTD",
  "motd": "MOTD",
  "motd_duration": "MOTD_DURATION",
  "map_name": "MAP_NAME",
  "session_name": "SESSION_NAME",
  "server_admin_password": "SERVER_ADMIN_PASSWORD",
  "server_password": "SERVER_PASSWORD",
  "max_players": "MAX_PLAYERS",
  "show_admin_commands_in_chat": "SHOW_ADMIN_COMMANDS_IN_CHAT",
  "cluster_id": "CLUSTER_ID",
  "mod_ids": "MOD_IDS",
  "passive_mods": "PASSIVE_MODS",
  "custom_server_args": "CUSTOM_SERVER_ARGS",
  "mem_limit": "mem_limit",
  "running_setup": "Setup futtatása...",
  "creating_instance_directory": "Instance mappa létrehozása...",
  "remove_server_warning": "Biztosan törölni szeretnéd ezt a szervert?",
  "directory_path": "Mappa útvonal",
  "delete_directory_warning": "A mappa teljes tartalmával együtt törlődik!",
  "directory_deleted": "Mappa törölve",
  "delete_directory_error": "Hiba a mappa törlésekor",
  "live_logs": "Élő adatok figyelése",
  "clear": "Törlés",
  "close": "Bezárás",
  "start_server_confirm": "Biztosan elindítod a szervert?",
  "pok_manager_path": "POK-manager.sh elérési útvonal",
  "confirm": "Megerősítés",
  "scheduled_shutdown": "Időzített leállítás",
  "shutdown_time_minutes": "Leállítás ideje (perc)",
  "shutdown_time_placeholder": "Például: 30",
  "saving_world": "Világ mentése...",
  "shutdown_scheduled": "Időzített leállítás beállítva",
  "update_server_shutdown_delay": "Szerver frissítés időzített leállítással",
  "update_delay_after_shutdown": "A frissítési delay után automatikusan újraindul a szerver.",
  "invalid_shutdown_time": "Érvénytelen leállítási idő. Kérjük, adjon meg egy pozitív számot.",
  "update_server_confirmation": "Biztosan frissíteni szeretné a szervert",
  "update_process_steps": "Ez a következőket fogja tenni:",
  "schedule_shutdown": "Időzített leállítás ütemezése",
  "minutes": "perc",
  "wait_for_shutdown": "Várás a leállás befejezésére",
  "run_update_command": "Frissítési parancs futtatása",
  "live_output": "közben látható a kimenet",
  "wait_before_restart": "Várás 10 percet",
  "start_server_again": "Szerver újraindítása",
  "continue_question": "Folytatja?",
  "stop_server_confirm": "Biztosan leállítod a szervert?",
  "stopping_server": "Szerver leállítása...",
  "server_stopped": "Szerver leállítva",
  "checking_for_updates": "Frissítések ellenőrzése...",
  "update_available": "Frissítés elérhető",
  "update_required": "Kötelező frissítés",
  "current_version": "Jelenlegi verzió",
  "latest_version": "Legújabb verzió",
  "downloading_update": "Frissítés letöltése...",
  "extracting_update": "Frissítés kicsomagolása...",
  "backing_up_files": "Fájlok biztonsági mentése...",
  "applying_update": "Frissítés alkalmazása...",
  "update_success": "Frissítés sikeres, újraindítás...",
  "update_error": "Frissítési hiba",
  "no_updates": "Nincs elérhető frissítés",
  "update_failed": "A frissítés sikertelen volt",
  "release_notes": "Frissítési jegyzetek:",
  "no_release_notes": "Nincs elérhető frissítési jegyzet",
  "pid": "PID",
  "pid_not_available": "-",
  "server_base_path": "Szerver Alapútvonal",
  "refresh": "Frissítés",
  "refreshing": "Frissítés...",
  "refresh_completed": "Frissítés befejezve",
  "changelog": "Változásnapló",
  "versions": "Verziók",
  "select_version": "Válassz ki egy verziót a listából",
  "docker_setup": "Docker Setup",
  "docker_setup_saved": "Docker beállítás sikeresen mentve",
  "text_editor": "Szöveges Szerkesztő",
  "config_saved_successfully": "Konfiguráció sikeresen mentve",
  "search": "Keresés",
  "find_next": "Következő",
  "backup": "Biztonsági mentés",
  "backup_server": "Szerver biztonsági mentése",
  "backup_confirm": "Biztosan létre szeretnéd hozni a szerver biztonsági mentését?",
  "backup_created": "Biztonsági mentés létrehozva",
  "backup_error": "Biztonsági mentési hiba",
  "creating_backup": "Biztonsági mentés készítése...",
  "notifications": "Értesítések",
  "notification_server_started": "Szerver elindult",
  "notification_server_stopped": "Szerver leállt",
  "notification_shutdown_started": "Időzített leállítás elindult",
  "notification_shutdown_completed": "Időzített leállítás befejeződött",
  "notification_no_unread": "Nincs olvasatlan értesítés",
  "notification_mark_all_read": "Összes olvasottnak jelölése",
  "notification_clear_all": "Összes törlése",
  "add_admin": "Admin hozzáadása",
  "admin_management": "Admin kezelés",
  "admin_username": "Admin felhasználónév",
  "admin_password": "Admin jelszó",
  "admin_full_name": "Teljes név",
  "admin_email": "E-mail",
  "admin_permissions": "Jogosultságok",
  "permission_start": "Szerver indítása",
  "permission_stop": "Szerver leállítása",
  "permission_restart": "Szerver újraindítása",
  "permission_update": "Szerver frissítése",
  "permission_shutdown": "Szerver leállítása",
  "permission_backup": "Szerver biztonsági mentése",
  "permission_config": "Konfiguráció szerkesztése",
  "permission_live_logs": "Élő naplók",
  "permission_docker_setup": "Docker beállítás",
  "permission_add_server": "Szerver hozzáadása",
  "permission_remove_server": "Szerver eltávolítása",
  "permission_cluster_management": "Klaszter kezelés",
  "admin_created": "Admin sikeresen létrehozva",
  "admin_create_error": "Hiba az admin létrehozásakor",
  "admin_list": "Admin lista",
  "is_server_admin": "Szerver admin",
  "server_admin": "Szerver admin",
  "regular_user": "Rendszeres felhasználó",
  "started_server": "Elindította a szervert",
  "stopped_server": "Leállította a szervert",
  "restarted_server": "Újraindította a szervert",
  "updated_server": "Frissítette a szervert",
  "scheduled_shutdown_for": "Időzített leállítást ütemezett a szerverhez",
  "in_minutes": "{0} perc múlva",
  "created_backup_for": "Biztonsági mentést készített a szerverhez",
  "config_change": "Konfiguráció változtatás",
  "created_admin": "Létrehozott admint",
  "with_permissions": "jogosultságokkal",
  "fill_all_fields": "Kérjük, töltse ki az összes mezőt!",
  "password_min_length": "A jelszónak legalább 4 karakter hosszúnak kell lennie!",
  "database_connection_error": "Az adatbázis kapcsolat sikertelen. Kérjük, ellenőrizze az internetkapcsolatot.",
  "invalid_credentials": "Hibás felhasználónév vagy jelszó!",
  "username_taken": "Ez a felhasználónév már foglalt!",
  "registration_success": "Regisztráció sikeres! Most bejelentkezhetsz.",
  "username_required": "A felhasználónév kötelező!",
  "full_name_required": "A teljes név kötelező!",
  "email_required": "Az e-mail cím kötelező!",
  "invalid_email_format": "Érvénytelen e-mail cím formátum!",
  "password_required": "A jelszó kötelező!",
  "password_min_length_6": "A jelszónak legalább 6 karakter hosszúnak kell lennie!",
  "terms_acceptance_required": "Az Általános Szerződési Feltételek elfogadása kötelező!",
  "registration_failed": "A regisztráció sikertelen!",
  "registration_error": "Regisztrációs hiba",
  "success": "Sikeres",
  "manager_admin": "Manager Admin",
  "open_manager_admin": "Manager Admin megnyitása",
  "license_management": "Licensz kezelés",
  "user_management": "Felhasználó kezelés",
  "ban_management": "Tiltás kezelés",
  "paypal_config": "PayPal beállítások",
  "license_generator": "Licensz generátor",
  "license_code": "Licensz kód",
  "license_type": "Licensz típus",
  "max_clusters": "Max klaszterek",
  "max_servers": "Max szerverek",
  "max_admins": "Max adminok",
  "valid_from": "Érvényes ettől",
  "valid_until": "Érvényes eddig",
  "is_active": "Aktív",
  "is_trial": "Próbaverzió",
  "generate_license": "Licensz generálása",
  "license_generated": "Licensz sikeresen generálva",
  "ban_ip": "IP cím tiltása",
  "ban_username": "Felhasználónév minta tiltása",
  "ip_address": "IP cím",
  "username_pattern": "Felhasználónév minta",
  "ban_reason": "Ok",
  "banned_until": "Tiltva eddig",
  "unban": "Tiltás feloldása",
  "banned_ips": "Tiltott IP címek",
  "banned_usernames": "Tiltott felhasználónév minták",
  "save": "Mentés",
  "edit": "Szerkesztés",
  "delete": "Törlés",
  "edit_license": "Licenc szerkesztése",
  "confirm_delete": "Törlés megerősítése",
  "license_updated": "Licenc sikeresen frissítve",
  "license_deleted": "Licenc sikeresen törölve",
  "validation_error": "A maximális cluster, szerver és admin számok nem lehetnek negatívak.",
  "user_license_overview": "Felhasználó Licenc Áttekintés",
  "admin_count": "Admin Szám",
  "server_count": "Szerver Szám",
  "cluster_count": "Cluster Szám",
  "search": "Keresés...",
  "user_profile": "Profil",
  "personal_information": "Személyes adatok",
  "phone_number": "Telefonszám",
  "company_name": "Cégnév",
  "change_password": "Jelszó módosítása",
  "current_password": "Jelenlegi jelszó",
  "new_password": "Új jelszó",
  "confirm_new_password": "Új jelszó megerősítése",
  "passwords_do_not_match": "A jelszavak nem egyeznek!",
  "enter_current_password": "Kérjük, adja meg a jelenlegi jelszavát!",
  "enter_new_password": "Kérjük, adjon meg egy új jelszót!",
  "invalid_current_password": "A jelenlegi jelszó helytelen!",
  "profile_updated": "Profil sikeresen frissítve!",
  "user_not_loaded": "A felhasználói információ nem elérhető.",
  "server_management": "Szerver Kezelés",
  "edit_server": "Szerver Szerkesztése",
  "server_updated": "Szerver sikeresen frissítve",
  "server_deleted": "Szerver sikeresen törölve",
  "fill_required_fields": "Kérjük, töltse ki az összes kötelező mezőt!",
  "invalid_port": "A port 1 és 65535 között kell legyen!",
  "news": "Hírek",
  "patch_notes": "Patch Note-ok",
  "news_management": "Hírek Kezelése",
  "add_news": "Hír Hozzáadása",
  "edit_news": "Hír Szerkesztése",
  "delete_news": "Hír Törlése",
  "news_title": "Cím",
  "news_content": "Tartalom",
  "news_image": "Kép",
  "news_category": "Kategória",
  "news_published": "Közzétéve",
  "upload_image": "Kép Feltöltése",
  "insert_image": "Kép Beszúrása",
  "news_deleted": "Hír sikeresen törölve",
  "success": "Siker",
  "save": "Mentés",
  "cancel": "Mégse",
  "refresh": "Frissítés",
  "close": "Bezárás",
  "performance_data": "Teljesítmény Adatok",
  "disk_usage": "Lemez Használat",
  "network_usage": "Hálózat Használat",
  "network_download": "Letöltés",
  "network_upload": "Feltöltés"
}
