{
  "app_title": "ARK ASA Cluster Manager",
  "dashboard": "Dashboard",
  "cluster_control": "Cluster Control",
  "connection_settings": "Connection Settings",
  "manager_settings": "Manager Settings",
  "host": "Host",
  "port": "Port",
  "username": "Username",
  "password": "Password",
  "ssh_key_path": "SSH Key Path",
  "use_ssh_key": "Use SSH Key",
  "connect": "Connect to SSH",
  "disconnect": "Disconnect",
  "connected": "Connected",
  "disconnected": "Disconnected",
  "start": "Start ASA Server",
  "stop": "Stop ASA Server",
  "restart": "ASA Server Restart",
  "update": "Update",
  "manager_update": "Manager Update",
  "server_update": "ASA Server Update",
  "add_host": "Add Host",
  "add_ssh_connection": "Add New SSH Connection",
  "delete_ssh_connection": "Delete SSH Connection and data",
  "start_all": "Start All",
  "stop_all": "Stop All",
  "update_all": "Update All",
  "status": "Status",
  "online": "Online",
  "offline": "Offline",
  "busy": "Busy",
  "cpu_usage": "CPU Usage",
  "memory_usage": "Memory Usage",
  "port_info": "Port",
  "map_name": "Map",
  "day": "Day",
  "version": "Version",
  "ping": "Ping",
  "global_log": "Global Log",
  "reconnect": "Reconnect",
  "connection_lost": "Connection Lost",
  "saving": "Saving...",
  "loading": "Loading...",
  "error": "Error",
  "success": "Success",
  "discovering_servers": "Discovering servers...",
  "no_servers_found": "No servers found",
  "server_name": "Server Name",
  "connecting": "Connecting...",
  "connection_failed": "Connection failed",
  "servers_discovered": "servers discovered",
  "completed": "completed",
  "add_server": "Add New ASA Server",
  "remove_server": "Delete ASA Server",
  "server_directory": "Server Directory",
  "server_directory_path": "Server Directory Path",
  "add": "Add",
  "remove": "Remove",
  "cancel": "Cancel",
  "server_added": "Server added",
  "server_removed": "Server removed",
  "invalid_directory": "Invalid directory",
  "directory_not_found": "Directory not found",
  "pok_manager_not_found": "POK-manager.sh file not found in the specified directory",
  "cpu_usage": "CPU Usage",
  "memory_usage": "Memory Usage",
  "disk_usage": "Disk Usage",
  "network_download": "Download",
  "network_upload": "Upload",
  "cluster_management": "Cluster Management",
  "cluster_create": "Create Cluster",
  "cluster_delete": "Delete Cluster",
  "cluster_name": "Cluster Name",
  "cluster_name_placeholder": "E.g: Rexodon, Nexus, Elysium",
  "create": "Create",
  "cluster_created": "Cluster created",
  "cluster_create_error": "Error creating cluster",
  "rename": "Rename",
  "delete": "Delete",
  "rename_cluster": "Rename Cluster",
  "delete_cluster": "Delete Cluster",
  "cluster_rename_error": "Error renaming cluster",
  "cluster_delete_error": "Error deleting cluster",
  "cluster_deleted": "Cluster deleted",
  "cluster_renamed": "Cluster renamed",
  "new_cluster_name": "New cluster name",
  "add_server": "Add Server",
  "select_cluster": "Select Cluster",
  "server_folder_name": "Server Folder Name",
  "asa_port": "ASA Port",
  "rcon_port": "RCON Port",
  "battleeye": "BATTLEEYE",
  "api": "API",
  "rcon_enabled": "RCON_ENABLED",
  "display_pok_monitor_message": "DISPLAY_POK_MONITOR_MESSAGE",
  "random_startup_delay": "RANDOM_STARTUP_DELAY",
  "cpu_optimization": "CPU_OPTIMIZATION",
  "update_server": "UPDATE_SERVER",
  "enable_motd": "ENABLE_MOTD",
  "motd": "MOTD",
  "motd_duration": "MOTD_DURATION",
  "map_name": "MAP_NAME",
  "session_name": "SESSION_NAME",
  "server_admin_password": "SERVER_ADMIN_PASSWORD",
  "server_password": "SERVER_PASSWORD",
  "max_players": "MAX_PLAYERS",
  "show_admin_commands_in_chat": "SHOW_ADMIN_COMMANDS_IN_CHAT",
  "cluster_id": "CLUSTER_ID",
  "mod_ids": "MOD_IDS",
  "passive_mods": "PASSIVE_MODS",
  "custom_server_args": "CUSTOM_SERVER_ARGS",
  "mem_limit": "mem_limit",
  "running_setup": "Running setup...",
  "creating_instance_directory": "Creating instance directory...",
  "remove_server_warning": "Are you sure you want to delete this server?",
  "directory_path": "Directory Path",
  "delete_directory_warning": "The directory and all its contents will be deleted!",
  "directory_deleted": "Directory deleted",
  "delete_directory_error": "Error deleting directory",
  "live_logs": "Live Logs",
  "configuration": "Server Configuration Settings",
  "clear": "Clear",
  "close": "Close",
  "start_server_confirm": "Are you sure you want to start the server?",
  "pok_manager_path": "POK-manager.sh Path",
  "confirm": "Confirm",
  "scheduled_shutdown": "ASA Server Shutdown with Delay",
  "shutdown_time_minutes": "Shutdown time (minutes)",
  "shutdown_time_placeholder": "E.g: 30",
  "saving_world": "Saving world...",
  "shutdown_scheduled": "Scheduled shutdown set",
  "update_server_shutdown_delay": "Server Update with Scheduled Shutdown",
  "update_delay_after_shutdown": "After the update delay, the server will automatically restart.",
  "invalid_shutdown_time": "Invalid shutdown time. Please enter a positive number.",
  "update_server_confirmation": "Are you sure you want to update the server",
  "update_process_steps": "This will:",
  "schedule_shutdown": "Schedule shutdown",
  "minutes": "minutes",
  "wait_for_shutdown": "Wait for shutdown to complete",
  "run_update_command": "Run the update command",
  "live_output": "you can watch the live output",
  "wait_before_restart": "Wait 10 minutes",
  "start_server_again": "Start the server again",
  "continue_question": "Do you want to continue?",
  "stop_server_confirm": "Are you sure you want to stop the server?",
  "stopping_server": "Stopping server...",
  "server_stopped": "Server stopped",
  "checking_for_updates": "Checking for updates...",
  "update_available": "Update available",
  "update_required": "Update required",
  "current_version": "Current version",
  "latest_version": "Latest version",
  "downloading_update": "Downloading update...",
  "extracting_update": "Extracting update...",
  "backing_up_files": "Backing up files...",
  "applying_update": "Applying update...",
  "update_success": "Update successful, restarting...",
  "update_error": "Update error",
  "no_updates": "No updates available",
  "update_failed": "Update failed",
  "release_notes": "Release Notes:",
  "no_release_notes": "No release notes available",
  "pid": "PID",
  "pid_not_available": "-",
  "server_base_path": "Server Base Path",
  "refresh": "Refresh",
  "refreshing": "Refreshing...",
  "refresh_completed": "Refresh completed",
  "changelog": "Patch note from Update",
  "versions": "Versions",
  "select_version": "Select a version from the list",
  "docker_setup": "Docker Setup",
  "docker_setup_saved": "Docker setup saved successfully",
  "text_editor": "Text Editor",
  "config_saved_successfully": "Configuration saved successfully",
  "search": "Search",
  "find_next": "Find Next",
  "backup": "Backup",
  "backup_server": "Backup Server",
  "backup_confirm": "Are you sure you want to create a backup of this server?",
  "backup_created": "Backup created",
  "backup_error": "Backup error",
  "creating_backup": "Creating backup...",
  "notifications": "Notifications",
  "notification_server_started": "Server Started",
  "notification_server_stopped": "Server Stopped",
  "notification_shutdown_started": "Scheduled Shutdown Started",
  "notification_shutdown_completed": "Scheduled Shutdown Completed",
  "notification_no_unread": "No unread notifications",
  "notification_mark_all_read": "Mark all as read",
  "notification_clear_all": "Clear all",
  "add_admin": "Add Admin",
  "admin_management": "Admin Management",
  "admin_username": "Admin Username",
  "admin_password": "Admin Password",
  "admin_full_name": "Full Name",
  "admin_email": "Email",
  "admin_permissions": "Permissions",
  "permission_start": "Start Server",
  "permission_stop": "Stop Server",
  "permission_restart": "Restart Server",
  "permission_update": "Update Server",
  "permission_shutdown": "Shutdown Server",
  "permission_backup": "Backup Server",
  "permission_config": "Edit Configuration",
  "permission_live_logs": "Live Logs",
  "permission_docker_setup": "Docker Setup",
  "permission_add_server": "Add Server",
  "permission_remove_server": "Remove Server",
  "permission_cluster_management": "Cluster Management",
  "admin_created": "Admin created successfully",
  "admin_create_error": "Error creating admin",
  "admin_list": "Admin List",
  "is_server_admin": "Server Admin",
  "server_admin": "Server Admin",
  "regular_user": "Regular User",
  "started_server": "Started server",
  "stopped_server": "Stopped server",
  "restarted_server": "Restarted server",
  "updated_server": "Updated server",
  "scheduled_shutdown_for": "Scheduled shutdown for server",
  "in_minutes": "in {0} minutes",
  "created_backup_for": "Created backup for server",
  "config_change": "Config change",
  "created_admin": "Created admin",
  "with_permissions": "with permissions",
  "fill_all_fields": "Please fill in all fields!",
  "password_min_length": "Password must be at least 4 characters long!",
  "database_connection_error": "Database connection failed. Please check your internet connection.",
  "invalid_credentials": "Invalid username or password!",
  "username_taken": "This username is already taken!",
  "registration_success": "Registration successful! You can now log in.",
  "username_required": "Username is required!",
  "full_name_required": "Full name is required!",
  "email_required": "Email address is required!",
  "invalid_email_format": "Invalid email address format!",
  "password_required": "Password is required!",
  "password_min_length_6": "Password must be at least 6 characters long!",
  "terms_acceptance_required": "You must accept the Terms and Conditions!",
  "registration_failed": "Registration failed!",
  "registration_error": "Registration error",
  "success": "Success",
  "manager_admin": "Manager Admin",
  "open_manager_admin": "Open Manager Admin",
  "license_management": "License Management",
  "user_management": "User Management",
  "ban_management": "Ban Management",
  "paypal_config": "PayPal Configuration",
  "license_generator": "License Generator",
  "license_code": "License Code",
  "license_type": "License Type",
  "max_clusters": "Max Clusters",
  "max_servers": "Max Servers",
  "max_admins": "Max Admins",
  "valid_from": "Valid From",
  "valid_until": "Valid Until",
  "is_active": "Is Active",
  "is_trial": "Is Trial",
  "generate_license": "Generate License",
  "license_generated": "License generated successfully",
  "ban_ip": "Ban IP Address",
  "ban_username": "Ban Username Pattern",
  "ip_address": "IP Address",
  "username_pattern": "Username Pattern",
  "ban_reason": "Reason",
  "banned_until": "Banned Until",
  "unban": "Unban",
  "banned_ips": "Banned IPs",
  "banned_usernames": "Banned Usernames",
  "save": "Save",
  "edit": "Edit",
  "delete": "Delete",
  "edit_license": "Edit License",
  "confirm_delete": "Confirm Delete",
  "license_updated": "License updated successfully",
  "license_deleted": "License deleted successfully",
  "validation_error": "Max clusters, servers, and admins must be non-negative numbers.",
  "user_license_overview": "User License Overview",
  "admin_count": "Admin Count",
  "server_count": "Server Count",
  "cluster_count": "Cluster Count",
  "search": "Search...",
  "user_profile": "Profile",
  "personal_information": "Personal Information",
  "phone_number": "Phone Number",
  "company_name": "Company Name",
  "change_password": "Change Password",
  "current_password": "Current Password",
  "new_password": "New Password",
  "confirm_new_password": "Confirm New Password",
  "passwords_do_not_match": "Passwords do not match!",
  "enter_current_password": "Please enter your current password!",
  "enter_new_password": "Please enter a new password!",
  "invalid_current_password": "Current password is incorrect!",
  "profile_updated": "Profile updated successfully!",
  "user_not_loaded": "User information not available.",
  "server_management": "Server Management",
  "edit_server": "Edit Server",
  "server_updated": "Server updated successfully",
  "server_deleted": "Server deleted successfully",
  "fill_required_fields": "Please fill in all required fields!",
  "invalid_port": "Port must be between 1 and 65535!",
  "news": "News",
  "patch_notes": "Patch Notes",
  "news_management": "News Management",
  "add_news": "Add News",
  "edit_news": "Edit News",
  "delete_news": "Delete News",
  "news_title": "Title",
  "news_content": "Content",
  "news_image": "Image",
  "news_category": "Category",
  "news_published": "Published",
  "upload_image": "Upload Image",
  "insert_image": "Insert Image",
  "news_deleted": "News deleted successfully",
  "success": "Success",
  "save": "Save",
  "cancel": "Cancel",
  "refresh": "Refresh",
  "close": "Close",
  "performance_data": "Performance Data",
  "disk_usage": "Disk Usage",
  "network_usage": "Network Usage",
  "network_download": "Download",
  "network_upload": "Upload"
}
