{
  "app_title": "ARK ASA Cluster Manager",
  "dashboard": "Dashboard",
  "cluster_control": "Cluster Control",
  "connection_settings": "Connection Settings",
  "host": "Host",
  "port": "Port",
  "username": "Username",
  "password": "Password",
  "ssh_key_path": "SSH Key Path",
  "use_ssh_key": "Use SSH Key",
  "connect": "Connect",
  "disconnect": "Disconnect",
  "connected": "Connected",
  "disconnected": "Disconnected",
  "start": "Start",
  "stop": "Stop",
  "restart": "Restart",
  "update": "Update",
  "manager_update": "Manager Update",
  "server_update": "Server Update",
  "add_host": "Add Host",
  "start_all": "Start All",
  "stop_all": "Stop All",
  "update_all": "Update All",
  "status": "Status",
  "online": "Online",
  "offline": "Offline",
  "busy": "Busy",
  "cpu_usage": "CPU Usage",
  "memory_usage": "Memory Usage",
  "port_info": "Port",
  "map_name": "Map",
  "day": "Day",
  "version": "Version",
  "ping": "Ping",
  "global_log": "Global Log",
  "reconnect": "Reconnect",
  "connection_lost": "Connection Lost",
  "saving": "Saving...",
  "loading": "Loading...",
  "error": "Error",
  "success": "Success",
  "discovering_servers": "Discovering servers...",
  "no_servers_found": "No servers found",
  "server_name": "Server Name",
  "connecting": "Connecting...",
  "connection_failed": "Connection failed",
  "servers_discovered": "servers discovered",
  "completed": "completed",
  "add_server": "Add Server",
  "remove_server": "Remove Server",
  "server_directory": "Server Directory",
  "server_directory_path": "Server Directory Path",
  "add": "Add",
  "remove": "Remove",
  "cancel": "Cancel",
  "server_added": "Server added",
  "server_removed": "Server removed",
  "invalid_directory": "Invalid directory",
  "directory_not_found": "Directory not found",
  "pok_manager_not_found": "POK-manager.sh file not found in the specified directory",
  "cpu_usage": "CPU Usage",
  "memory_usage": "Memory Usage",
  "disk_usage": "Disk Usage",
  "network_download": "Download",
  "network_upload": "Upload",
  "cluster_management": "Cluster Management",
  "cluster_create": "Create Cluster",
  "cluster_delete": "Delete Cluster",
  "cluster_name": "Cluster Name",
  "cluster_name_placeholder": "E.g: Rexodon, Nexus, Elysium",
  "create": "Create",
  "cluster_created": "Cluster created",
  "cluster_create_error": "Error creating cluster",
  "rename": "Rename",
  "delete": "Delete",
  "rename_cluster": "Rename Cluster",
  "delete_cluster": "Delete Cluster",
  "cluster_rename_error": "Error renaming cluster",
  "cluster_delete_error": "Error deleting cluster",
  "cluster_deleted": "Cluster deleted",
  "cluster_renamed": "Cluster renamed",
  "new_cluster_name": "New cluster name",
  "add_server": "Add Server",
  "select_cluster": "Select Cluster",
  "server_folder_name": "Server Folder Name",
  "asa_port": "ASA Port",
  "rcon_port": "RCON Port",
  "battleeye": "BATTLEEYE",
  "api": "API",
  "rcon_enabled": "RCON_ENABLED",
  "display_pok_monitor_message": "DISPLAY_POK_MONITOR_MESSAGE",
  "random_startup_delay": "RANDOM_STARTUP_DELAY",
  "cpu_optimization": "CPU_OPTIMIZATION",
  "update_server": "UPDATE_SERVER",
  "enable_motd": "ENABLE_MOTD",
  "motd": "MOTD",
  "motd_duration": "MOTD_DURATION",
  "map_name": "MAP_NAME",
  "session_name": "SESSION_NAME",
  "server_admin_password": "SERVER_ADMIN_PASSWORD",
  "server_password": "SERVER_PASSWORD",
  "max_players": "MAX_PLAYERS",
  "show_admin_commands_in_chat": "SHOW_ADMIN_COMMANDS_IN_CHAT",
  "cluster_id": "CLUSTER_ID",
  "mod_ids": "MOD_IDS",
  "passive_mods": "PASSIVE_MODS",
  "custom_server_args": "CUSTOM_SERVER_ARGS",
  "mem_limit": "mem_limit",
  "running_setup": "Running setup...",
  "creating_instance_directory": "Creating instance directory...",
  "remove_server_warning": "Are you sure you want to delete this server?",
  "directory_path": "Directory Path",
  "delete_directory_warning": "The directory and all its contents will be deleted!",
  "directory_deleted": "Directory deleted",
  "delete_directory_error": "Error deleting directory",
  "live_logs": "Live Logs",
  "clear": "Clear",
  "close": "Close",
  "start_server_confirm": "Are you sure you want to start the server?",
  "pok_manager_path": "POK-manager.sh Path",
  "confirm": "Confirm",
  "scheduled_shutdown": "Scheduled Shutdown",
  "shutdown_time_minutes": "Shutdown time (minutes)",
  "shutdown_time_placeholder": "E.g: 30",
  "saving_world": "Saving world...",
  "shutdown_scheduled": "Scheduled shutdown set",
  "stop_server_confirm": "Are you sure you want to stop the server?",
  "stopping_server": "Stopping server...",
  "server_stopped": "Server stopped",
  "checking_for_updates": "Checking for updates...",
  "update_available": "Update available",
  "update_required": "Update required",
  "current_version": "Current version",
  "latest_version": "Latest version",
  "downloading_update": "Downloading update...",
  "extracting_update": "Extracting update...",
  "backing_up_files": "Backing up files...",
  "applying_update": "Applying update...",
  "update_success": "Update successful, restarting...",
  "update_error": "Update error",
  "no_updates": "No updates available",
  "update_failed": "Update failed",
  "release_notes": "Release Notes:",
  "no_release_notes": "No release notes available",
  "pid": "PID",
  "pid_not_available": "-",
  "server_base_path": "Server Base Path",
  "refresh": "Refresh",
  "refreshing": "Refreshing...",
  "refresh_completed": "Refresh completed",
  "changelog": "Changelog",
  "versions": "Versions",
  "select_version": "Select a version from the list",
  "docker_setup": "Docker Setup",
  "docker_setup_saved": "Docker setup saved successfully",
  "text_editor": "Text Editor",
  "config_saved_successfully": "Configuration saved successfully"
}
