{
  "app_title": "ARK ASA Cluster Manager",
  "dashboard": "Irányítópult",
  "cluster_control": "Klaszter Vezérlés",
  "connection_settings": "Kapcsolat Beállítások",
  "host": "Host",
  "port": "Port",
  "username": "Felhasználónév",
  "password": "Jelszó",
  "ssh_key_path": "SSH Kulcs Útvonal",
  "use_ssh_key": "SSH Kulcs Használata",
  "connect": "Kapcsolódás",
  "disconnect": "Kapcsolat Bontása",
  "connected": "Kapcsolódva",
  "disconnected": "Nincs Kapcsolat",
  "start": "Indítás",
  "stop": "Leállítás",
  "restart": "Újraindítás",
  "update": "Frissítés",
  "start_all": "Összes Indítása",
  "stop_all": "Összes Leállítása",
  "update_all": "Összes Frissítése",
  "status": "Státusz",
  "online": "Online",
  "offline": "Offline",
  "busy": "Foglalt",
  "cpu_usage": "CPU Használat",
  "memory_usage": "Memória Használat",
  "port_info": "Port",
  "map_name": "Térkép",
  "day": "Nap",
  "version": "Verzió",
  "ping": "Ping",
  "global_log": "Globális Napló",
  "reconnect": "Újracsatlakozás",
  "connection_lost": "A kapcsolat megszakadt",
  "saving": "Mentés...",
  "loading": "Betöltés...",
  "error": "Hiba",
  "success": "Sikeres",
  "discovering_servers": "Szerverek felderítése...",
  "no_servers_found": "Nem található szerver",
  "server_name": "Szerver Név",
  "connecting": "Kapcsolódás...",
  "connection_failed": "Kapcsolódás sikertelen",
  "servers_discovered": "szerver található",
  "completed": "befejezve",
  "add_server": "Szerver Hozzáadása",
  "remove_server": "Szerver Törlése",
  "server_directory": "Szerver Könyvtár",
  "server_directory_path": "Szerver Könyvtár Útvonal",
  "add": "Hozzáadás",
  "remove": "Törlés",
  "cancel": "Mégse",
  "server_added": "Szerver hozzáadva",
  "server_removed": "Szerver törölve",
  "invalid_directory": "Érvénytelen könyvtár",
  "directory_not_found": "A könyvtár nem található",
  "pok_manager_not_found": "A POK-manager.sh fájl nem található a megadott könyvtárban",
  "cpu_usage": "CPU Használat",
  "memory_usage": "Memória Használat",
  "disk_usage": "Tárhely Használat",
  "network_download": "Letöltés",
  "network_upload": "Feltöltés",
  "cluster_management": "Cluster Kezelése",
  "cluster_create": "Cluster létrehozás",
  "cluster_delete": "Cluster törlés",
  "cluster_name": "Cluster neve",
  "cluster_name_placeholder": "Pl: Rexodon, Nexus, Elysium",
  "create": "Létrehozás",
  "cluster_created": "Cluster létrehozva",
  "cluster_create_error": "Hiba a cluster létrehozásakor",
  "rename": "Név módosítás",
  "delete": "Törlés",
  "rename_cluster": "Cluster átnevezése",
  "delete_cluster": "Cluster törlése",
  "cluster_rename_error": "Hiba a cluster átnevezésekor",
  "cluster_delete_error": "Hiba a cluster törlésekor",
  "cluster_deleted": "Cluster törölve",
  "cluster_renamed": "Cluster átnevezve",
  "new_cluster_name": "Új cluster név",
  "add_server": "Szerver Hozzáadása",
  "select_cluster": "Cluster kiválasztása",
  "server_folder_name": "Server mappa neve",
  "asa_port": "ASA Port",
  "rcon_port": "RCON Port",
  "battleeye": "BATTLEEYE",
  "api": "API",
  "rcon_enabled": "RCON_ENABLED",
  "display_pok_monitor_message": "DISPLAY_POK_MONITOR_MESSAGE",
  "random_startup_delay": "RANDOM_STARTUP_DELAY",
  "cpu_optimization": "CPU_OPTIMIZATION",
  "update_server": "UPDATE_SERVER",
  "enable_motd": "ENABLE_MOTD",
  "motd": "MOTD",
  "motd_duration": "MOTD_DURATION",
  "map_name": "MAP_NAME",
  "session_name": "SESSION_NAME",
  "server_admin_password": "SERVER_ADMIN_PASSWORD",
  "server_password": "SERVER_PASSWORD",
  "max_players": "MAX_PLAYERS",
  "show_admin_commands_in_chat": "SHOW_ADMIN_COMMANDS_IN_CHAT",
  "cluster_id": "CLUSTER_ID",
  "mod_ids": "MOD_IDS",
  "passive_mods": "PASSIVE_MODS",
  "custom_server_args": "CUSTOM_SERVER_ARGS",
  "mem_limit": "mem_limit",
  "running_setup": "Setup futtatása...",
  "creating_instance_directory": "Instance mappa létrehozása...",
  "remove_server_warning": "Biztosan törölni szeretnéd ezt a szervert?",
  "directory_path": "Mappa útvonal",
  "delete_directory_warning": "A mappa teljes tartalmával együtt törlődik!",
  "directory_deleted": "Mappa törölve",
  "delete_directory_error": "Hiba a mappa törlésekor",
  "live_logs": "Élő adatok figyelése",
  "clear": "Törlés",
  "close": "Bezárás",
  "start_server_confirm": "Biztosan elindítod a szervert?",
  "pok_manager_path": "POK-manager.sh elérési útvonal",
  "confirm": "Megerősítés",
  "scheduled_shutdown": "Időzített leállítás",
  "shutdown_time_minutes": "Leállítás ideje (perc)",
  "shutdown_time_placeholder": "Például: 30",
  "saving_world": "Világ mentése...",
  "shutdown_scheduled": "Időzített leállítás beállítva",
  "stop_server_confirm": "Biztosan leállítod a szervert?",
  "stopping_server": "Szerver leállítása...",
  "server_stopped": "Szerver leállítva",
  "checking_for_updates": "Frissítések ellenőrzése...",
  "update_available": "Frissítés elérhető",
  "update_required": "Kötelező frissítés",
  "current_version": "Jelenlegi verzió",
  "latest_version": "Legújabb verzió",
  "downloading_update": "Frissítés letöltése...",
  "extracting_update": "Frissítés kicsomagolása...",
  "backing_up_files": "Fájlok biztonsági mentése...",
  "applying_update": "Frissítés alkalmazása...",
  "update_success": "Frissítés sikeres, újraindítás...",
  "update_error": "Frissítési hiba",
  "no_updates": "Nincs elérhető frissítés",
  "update_failed": "A frissítés sikertelen volt",
  "release_notes": "Frissítési jegyzetek:",
  "no_release_notes": "Nincs elérhető frissítési jegyzet",
  "pid": "PID",
  "pid_not_available": "-",
  "server_base_path": "Szerver Alapútvonal",
  "refresh": "Frissítés",
  "refreshing": "Frissítés...",
  "refresh_completed": "Frissítés befejezve",
  "changelog": "Változásnapló",
  "versions": "Verziók",
  "select_version": "Válassz ki egy verziót a listából"
}
